source_marketplace,listing_id,sku,client_product_title,client_scope_state
wildberries,428251291,2044184866067,"Славянский оберег в машину ""Макошь""",IN_SCOPE_CLIENT_SUPPLIED
wildberries,267829272,2041384183864,"Славянский оберег в машину ""Родимич""",IN_SCOPE_CLIENT_SUPPLIED
wildberries,428256332,2044184915215,"Славянский оберег в машину ""Хорс""",IN_SCOPE_CLIENT_SUPPLIED
wildberries,428260533,2044184936425,"Славянский оберег в машину ""Мара""",IN_SCOPE_CLIENT_SUPPLIED
wildberries,428247858,2044184828577,"Славянский оберег в машину ""Стрибог""",IN_SCOPE_CLIENT_SUPPLIED
wildberries,428253224,2044184913921,"Славянский оберег в машину ""Семаргл""",IN_SCOPE_CLIENT_SUPPLIED
wildberries,267824123,2041384077248,"Славянский оберег в машину ""Всеславец""",IN_SCOPE_CLIENT_SUPPLIED
wildberries,428237614,2044184707834,"Славянский оберег в машину ""Сварог""",IN_SCOPE_CLIENT_SUPPLIED
wildberries,481133505,2045066908196,"Славянский оберег в машину ""Чур""",IN_SCOPE_CLIENT_SUPPLIED
wildberries,267822360,2041384061643,"Славянский оберег в машину ""Чернобог""",IN_SCOPE_CLIENT_SUPPLIED
wildberries,267824122,2041384066464,"Славянский оберег в машину ""Боговник""",IN_SCOPE_CLIENT_SUPPLIED
wildberries,267829273,2041384193030,"Славянский оберег в машину ""Триглав""",IN_SCOPE_CLIENT_SUPPLIED
wildberries,428267039,2044185002136,"Славянский оберег в машину ""Звезда Лады""",IN_SCOPE_CLIENT_SUPPLIED
wildberries,267829271,2041384180245,"Славянский оберег в машину ""Ратиборец""",IN_SCOPE_CLIENT_SUPPLIED
wildberries,267822359,2041384044080,"Славянский оберег в машину ""Белобог""",IN_SCOPE_CLIENT_SUPPLIED
wildberries,428241264,2044184790751,"Славянский оберег в машину ""Даждьбог""",IN_SCOPE_CLIENT_SUPPLIED
wildberries,267696742,2041380696009,"Славянский оберег в машину""Алатырь (Крест Сварога)""",IN_SCOPE_CLIENT_SUPPLIED
wildberries,267696740,2041380661274,"Славянский оберег в машину ""Знак Велеса""",IN_SCOPE_CLIENT_SUPPLIED
wildberries,428230545,2044184659133,"Славянский оберег в машину ""Жива""",IN_SCOPE_CLIENT_SUPPLIED
wildberries,267829270,2041384172516,"Славянский оберег в машину ""Молвинец""",IN_SCOPE_CLIENT_SUPPLIED
wildberries,267824125,2041384088138,"Славянский оберег в машину ""Знич""",IN_SCOPE_CLIENT_SUPPLIED
wildberries,267696739,2041380634414,"Славянский оберег в машину ""Печать Велеса""",IN_SCOPE_CLIENT_SUPPLIED
wildberries,249559008,2040835447074,"Чётки - Славянский оберег в машину ""Всеславец""",IN_SCOPE_CLIENT_SUPPLIED
wildberries,249557709,2040835420381,"Чётки - Славянский оберег в машину ""Молвинец""",IN_SCOPE_CLIENT_SUPPLIED
wildberries,249556242,2040835186836,"Чётки - Славянский оберег в машину ""Чернобог""",IN_SCOPE_CLIENT_SUPPLIED
wildberries,249555879,2040835167880,"Чётки - Славянский оберег в машину ""Алатырь (Крест Сварога)""",IN_SCOPE_CLIENT_SUPPLIED
wildberries,249505803,2040834549113,"Чётки - Славянский оберег в машину ""Велес""",IN_SCOPE_CLIENT_SUPPLIED
wildberries,249559194,2040835450418,"Чётки - Славянский оберег в машину ""Боговник""",IN_SCOPE_CLIENT_SUPPLIED
wildberries,249497931,2040834279904,"Чётки - Славянский оберег в машину ""Печать Велеса""",IN_SCOPE_CLIENT_SUPPLIED
wildberries,249558828,2040835443151,"Чётки - Славянский оберег в машину ""Знич""",IN_SCOPE_CLIENT_SUPPLIED
wildberries,249558208,2040835431097,"Чётки - Славянский оберег в машину ""Родимич""",IN_SCOPE_CLIENT_SUPPLIED
wildberries,249557231,2040835362230,"Чётки - Славянский оберег в машину ""Ратиборец""",IN_SCOPE_CLIENT_SUPPLIED
wildberries,249556860,2040835355188,"Чётки - Славянский оберег в машину ""Белобог""",IN_SCOPE_CLIENT_SUPPLIED
wildberries,249555394,2040835154989,"Чётки - Славянский оберег в машину ""Триглав""",IN_SCOPE_CLIENT_SUPPLIED
wildberries,428244941,2044184799105,"Славянский оберег в машину ""Перун""",IN_SCOPE_CLIENT_SUPPLIED
wildberries,249554309,2040835129796,"Чётки - Славянский оберег в машину ""Звезда Руси""",IN_SCOPE_CLIENT_SUPPLIED
wildberries,267696741,2041380667771,"Славянский оберег в машину ""Звезда Руси""",IN_SCOPE_CLIENT_SUPPLIED
wildberries,459949764,2044722401958,"Талисман - Подвеска на зеркало в машину ""Дева""",IN_SCOPE_CLIENT_SUPPLIED
wildberries,459997108,2044722888865,"Талисман - Подвеска на зеркало в машину ""Лев""",IN_SCOPE_CLIENT_SUPPLIED
wildberries,459997110,2044722932469,"Талисман - Подвеска на зеркало в машину ""Рак""",IN_SCOPE_CLIENT_SUPPLIED
wildberries,459997106,2044722814376,"Талисман - Подвеска на зеркало в машину ""Дева""",IN_SCOPE_CLIENT_SUPPLIED
wildberries,459997105,2044722803561,"Талисман - Подвеска на зеркало в машину ""Водолей""",IN_SCOPE_CLIENT_SUPPLIED
wildberries,459997107,2044722827246,"Талисман - Подвеска на зеркало в машину ""Козерог""",IN_SCOPE_CLIENT_SUPPLIED
wildberries,459976158,2044722737637,"Талисман - Подвеска на зеркало в машину ""Близнецы""",IN_SCOPE_CLIENT_SUPPLIED
wildberries,459976152,2044722647295,"Талисман - Подвеска на зеркало в машину ""Рак""",IN_SCOPE_CLIENT_SUPPLIED
wildberries,459941250,2044722317426,"Талисман - Подвеска на зеркало в машину ""Близнецы""",IN_SCOPE_CLIENT_SUPPLIED
wildberries,459976150,2044722567272,"Талисман - Подвеска на зеркало в машину ""Лев""",IN_SCOPE_CLIENT_SUPPLIED
wildberries,459941251,2044722337202,"Талисман - Подвеска на зеркало в машину ""Весы""",IN_SCOPE_CLIENT_SUPPLIED
wildberries,459997113,2044722981658,"Талисман - Подвеска на зеркало в машину ""Стрелец""",IN_SCOPE_CLIENT_SUPPLIED
wildberries,459976155,2044722698211,"Талисман - Подвеска на зеркало в машину ""Скорпион""",IN_SCOPE_CLIENT_SUPPLIED
wildberries,459997114,2044723003557,"Талисман - Подвеска на зеркало в машину ""Телец""",IN_SCOPE_CLIENT_SUPPLIED
wildberries,459997109,2044722908990,"Талисман - Подвеска на зеркало в машину ""Овен""",IN_SCOPE_CLIENT_SUPPLIED
wildberries,459949761,2044722384466,"Талисман - Подвеска на зеркало в машину ""Водолей""",IN_SCOPE_CLIENT_SUPPLIED
wildberries,459976149,2044722552742,"Талисман - Подвеска на зеркало в машину ""Козерог""",IN_SCOPE_CLIENT_SUPPLIED
wildberries,459976154,2044722685488,"Талисман - Подвеска на зеркало в машину ""Рыбы""",IN_SCOPE_CLIENT_SUPPLIED
wildberries,459949763,2044722398449,"Талисман - Подвеска на зеркало в машину ""Дева""",IN_SCOPE_CLIENT_SUPPLIED
wildberries,459976156,2044722710968,"Талисман - Подвеска на зеркало в машину ""Стрелец""",IN_SCOPE_CLIENT_SUPPLIED
wildberries,459976157,2044722724170,"Талисман - Подвеска на зеркало в машину ""Телец""",IN_SCOPE_CLIENT_SUPPLIED
wildberries,459976151,2044722633618,"Талисман - Подвеска на зеркало в машину ""Овен""",IN_SCOPE_CLIENT_SUPPLIED
wildberries,459997104,2044722782347,"Талисман - Подвеска на зеркало в машину ""Весы""",IN_SCOPE_CLIENT_SUPPLIED
wildberries,262669816,2041250121419,"Талисман - Подвеска на зеркало в машину ""Овен""",IN_SCOPE_CLIENT_SUPPLIED
wildberries,262678024,2041250183325,"Талисман - Подвеска на зеркало в машину ""Рак""",IN_SCOPE_CLIENT_SUPPLIED
wildberries,262622381,2041248472844,"Талисман - Подвеска на зеркало в машину ""Козерог""",IN_SCOPE_CLIENT_SUPPLIED
wildberries,262629137,2041249228136,"Талисман - Подвеска на зеркало в машину ""Телец""",IN_SCOPE_CLIENT_SUPPLIED
wildberries,262661039,2041249968223,"Талисман - Подвеска на зеркало в машину ""Весы""",IN_SCOPE_CLIENT_SUPPLIED
wildberries,262669813,2041250026332,"Талисман - Подвеска на зеркало в машину ""Водолей""",IN_SCOPE_CLIENT_SUPPLIED
wildberries,262678027,2041250219130,"Талисман - Подвеска на зеркало в машину ""Стрелец""",IN_SCOPE_CLIENT_SUPPLIED
wildberries,262678025,2041250194659,"Талисман - Подвеска на зеркало в машину ""Рыбы""",IN_SCOPE_CLIENT_SUPPLIED
wildberries,262669814,2041250026233,"Талисман - Подвеска на зеркало в машину ""Дева""",IN_SCOPE_CLIENT_SUPPLIED
wildberries,262669815,2041250052638,"Талисман - Подвеска на зеркало в машину ""Лев""",IN_SCOPE_CLIENT_SUPPLIED
wildberries,249560501,2040835482037,"Амулет в машину ""Вегвизир - Рунический компас"".",IN_SCOPE_CLIENT_SUPPLIED
wildberries,249561186,2040835495761,"Амулет в машину ""Древо Жизни"".",IN_SCOPE_CLIENT_SUPPLIED
wildberries,249561535,2040835503275,"Амулет в машину ""Гунгнир (Gungner)"".",IN_SCOPE_CLIENT_SUPPLIED
wildberries,249561878,2040835508942,"Амулет в машину ""Валькнут (Valknut)"" Узел павших.",IN_SCOPE_CLIENT_SUPPLIED
wildberries,250073152,2040853371382,"Талисман - Подвеска на зеркало в машину ""Инь и Ян""",IN_SCOPE_CLIENT_SUPPLIED
wildberries,250073946,2040853385181,"Талисман - в машину ""Ом (санскр. ) или Аум""",IN_SCOPE_CLIENT_SUPPLIED
wildberries,250074265,2040853401119,"Талисман - в машину ""Бусидо - Путь Воина""",IN_SCOPE_CLIENT_SUPPLIED
wildberries,459997111,2044722952269,"Талисман - Подвеска на зеркало в машину ""Рыбы""",IN_SCOPE_CLIENT_SUPPLIED
wildberries,459997112,2044722960707,"Талисман - Подвеска на зеркало в машину ""Скорпион""",IN_SCOPE_CLIENT_SUPPLIED
wildberries,249560898,2040835489852,"Амулет в машину ""Шлем ужаса - Эгисхьяльм"".",IN_SCOPE_CLIENT_SUPPLIED
wildberries,481155639,2045067148331,"Подвеска на зеркало в машину. ""Герб России"".",IN_SCOPE_CLIENT_SUPPLIED
wildberries,481158607,2045067324278,"Подвеска на зеркало в машину. ""Герб России"".",IN_SCOPE_CLIENT_SUPPLIED
wildberries,481065332,2045064413654,"Православный Оберег в машину. ""Молитва Иоанна Златоуста""",IN_SCOPE_CLIENT_SUPPLIED
wildberries,481070948,2045065758976,"Православный Оберег в машину. ""Спаси и Сохрани""",IN_SCOPE_CLIENT_SUPPLIED
wildberries,462723607,2044762716548,"Талисман - Подвеска на зеркало в машину ""Скорпион""",IN_SCOPE_CLIENT_SUPPLIED
wildberries,446294516,2044473058630,"Талисман - Подвеска на зеркало в машину ""Близнецы""",IN_SCOPE_CLIENT_SUPPLIED
wildberries,258583981,2041137147167,"Чётки - Талисман в машину ""Русская Община""",IN_SCOPE_CLIENT_SUPPLIED
wildberries,250072894,2040853359595,"Чётки - Талисман в машину ""Русская Община""",IN_SCOPE_CLIENT_SUPPLIED