seed_id,seed_phrase,seed_class,seed_source_type,source_product_ids_or_business_fact,source_exact_terms,seed_purpose,question_to_resolve,expected_information_gain,region,planned_wordstat_mode,operator_mode,priority_for_primary_acquisition,known_noise_risk,claim_boundary,status
S001,амулет,CLIENT_HEAD_CLASS,CLIENT_BUSINESS_WORDING,CLIENT_BRIEF,амулет,Раскрыть широкий пользовательский язык вокруг класса товара клиента.,Какие реальные запросы и связанные формулировки существуют вокруг слова «амулет» в России?,Высокий: может открыть синонимы, формы, применения и коммерческие модификаторы.,Russia,topRequests,NONE,PRIMARY,HIGH,DISCOVERY_PROBE_ONLY,DISCOVERY_PROBE
S002,оберег,CLIENT_HEAD_CLASS,CLIENT_BUSINESS_WORDING,CLIENT_BRIEF,оберег,Раскрыть широкий пользовательский язык вокруг класса товара клиента.,Какие реальные запросы и связанные формулировки существуют вокруг слова «оберег» в России?,Высокий: может открыть синонимы, формы, применения и коммерческие модификаторы.,Russia,topRequests,NONE,PRIMARY,HIGH,DISCOVERY_PROBE_ONLY,DISCOVERY_PROBE
S003,талисман,CLIENT_HEAD_CLASS,CLIENT_BUSINESS_WORDING,CLIENT_BRIEF,талисман,Раскрыть широкий пользовательский язык вокруг класса товара клиента.,Какие реальные запросы и связанные формулировки существуют вокруг слова «талисман» в России?,Высокий: может открыть синонимы, формы, применения и коммерческие модификаторы.,Russia,topRequests,NONE,PRIMARY,HIGH,DISCOVERY_PROBE_ONLY,DISCOVERY_PROBE
S004,чётки,EXPLICIT_USE_OR_FORM,EXPLICIT_OZON_TITLE_TERM,1082848375;1082848825;1082852354;1082855228,Чётки,Проверить спрос вокруг единственной явно названной физической формы в части каталога.,Как пользователи формулируют запросы вокруг чёток и какие связанные товарные формулировки появляются?,Высокий для формы товара; может раскрыть применимые сочетания.,Russia,topRequests,NONE,PRIMARY,HIGH,DISCOVERY_PROBE_ONLY,DISCOVERY_PROBE
S005,талисман в машину,EXPLICIT_USE_OR_FORM,EXPLICIT_OZON_TITLE_TERM,1082848375;1082848825;1082852354,Талисман в машину,Проверить явно присутствующий автомобильный контекст.,Какие реальные запросы существуют вокруг формулировки «талисман в машину»?,Высокий для автомобильного применения.,Russia,topRequests,NONE,PRIMARY,MEDIUM,DISCOVERY_PROBE_ONLY,DISCOVERY_PROBE
S006,чётки в машину,ANALYST_COMPOSED_USE_DIAGNOSTIC,ANALYST_COMPOSED_DIAGNOSTIC,1082848375;1082848825;1082852354,Чётки; Талисман в машину,Проверить естественную связку явной формы и явного автомобильного контекста в тех же карточках.,Ищут ли пользователи чётки именно для автомобиля и какими словами?,Средний/высокий: может открыть узкую полезную ветку.,Russia,topRequests,NONE,PRIMARY,MEDIUM,DISCOVERY_PROBE_ONLY,DISCOVERY_PROBE
S007,амулет в машину,ANALYST_COMPOSED_USE_DIAGNOSTIC,ANALYST_COMPOSED_DIAGNOSTIC,CLIENT_BRIEF,амулет; товары для автомобиля,Проверить автомобильное сочетание одного из классов прямо названных клиентом.,Есть ли реальный спрос на амулеты для/в автомобиль и как он формулируется?,Высокий для проверки общего клиентского позиционирования.,Russia,topRequests,NONE,PRIMARY,MEDIUM,DISCOVERY_PROBE_ONLY,DISCOVERY_PROBE
S008,оберег в машину,ANALYST_COMPOSED_USE_DIAGNOSTIC,ANALYST_COMPOSED_DIAGNOSTIC,CLIENT_BRIEF,оберег; товары для автомобиля,Проверить автомобильное сочетание одного из классов прямо названных клиентом.,Есть ли реальный спрос на обереги для/в автомобиль и как он формулируется?,Высокий для проверки общего клиентского позиционирования.,Russia,topRequests,NONE,PRIMARY,MEDIUM,DISCOVERY_PROBE_ONLY,DISCOVERY_PROBE
S009,RSOTM,EXACT_NAMED_PRODUCT_OR_SYMBOL,EXPLICIT_OZON_TITLE_TERM,1082848375,RSOTM,Проверить поисковую лексику вокруг конкретного названия реально присутствующего в ассортименте.,Есть ли поисковый спрос вокруг «RSOTM» и какие связанные формулировки используют пользователи?,Высокий для покрытия конкретного ассортиментного названия; результат может быть нерелевантно широким у неоднозначных слов.,Russia,topRequests,NONE,PRIMARY,HIGH,DISCOVERY_PROBE_ONLY,DISCOVERY_PROBE
S010,Soldier Of Fortune,EXACT_NAMED_PRODUCT_OR_SYMBOL,EXPLICIT_OZON_TITLE_TERM,1082848825,Soldier Of Fortune,Проверить поисковую лексику вокруг конкретного названия реально присутствующего в ассортименте.,Есть ли поисковый спрос вокруг «Soldier Of Fortune» и какие связанные формулировки используют пользователи?,Высокий для покрытия конкретного ассортиментного названия; результат может быть нерелевантно широким у неоднозначных слов.,Russia,topRequests,NONE,PRIMARY,HIGH,DISCOVERY_PROBE_ONLY,DISCOVERY_PROBE
S011,Бусидо - Путь Воина,EXACT_NAMED_PRODUCT_OR_SYMBOL,EXPLICIT_OZON_TITLE_TERM,1082852354,Бусидо - Путь Воина,Проверить поисковую лексику вокруг конкретного названия реально присутствующего в ассортименте.,Есть ли поисковый спрос вокруг «Бусидо - Путь Воина» и какие связанные формулировки используют пользователи?,Высокий для покрытия конкретного ассортиментного названия; результат может быть нерелевантно широким у неоднозначных слов.,Russia,topRequests,NONE,PRIMARY,MEDIUM,DISCOVERY_PROBE_ONLY,DISCOVERY_PROBE
S012,Шлем ужаса - Эгисхьяльм,EXACT_NAMED_PRODUCT_OR_SYMBOL,EXPLICIT_OZON_TITLE_TERM,1082855228,Шлем ужаса - Эгисхьяльм,Проверить поисковую лексику вокруг конкретного названия реально присутствующего в ассортименте.,Есть ли поисковый спрос вокруг «Шлем ужаса - Эгисхьяльм» и какие связанные формулировки используют пользователи?,Высокий для покрытия конкретного ассортиментного названия; результат может быть нерелевантно широким у неоднозначных слов.,Russia,topRequests,NONE,PRIMARY,LOW,DISCOVERY_PROBE_ONLY,DISCOVERY_PROBE
S013,Вегвизир,EXACT_NAMED_PRODUCT_OR_SYMBOL,EXPLICIT_OZON_TITLE_TERM,1082862005,Вегвизир,Проверить поисковую лексику вокруг конкретного названия реально присутствующего в ассортименте.,Есть ли поисковый спрос вокруг «Вегвизир» и какие связанные формулировки используют пользователи?,Высокий для покрытия конкретного ассортиментного названия; результат может быть нерелевантно широким у неоднозначных слов.,Russia,topRequests,NONE,PRIMARY,LOW,DISCOVERY_PROBE_ONLY,DISCOVERY_PROBE
S014,Гунгнир,EXACT_NAMED_PRODUCT_OR_SYMBOL,EXPLICIT_OZON_TITLE_TERM,1092556350,Гунгнир,Проверить поисковую лексику вокруг конкретного названия реально присутствующего в ассортименте.,Есть ли поисковый спрос вокруг «Гунгнир» и какие связанные формулировки используют пользователи?,Высокий для покрытия конкретного ассортиментного названия; результат может быть нерелевантно широким у неоднозначных слов.,Russia,topRequests,NONE,PRIMARY,LOW,DISCOVERY_PROBE_ONLY,DISCOVERY_PROBE
S015,Валькнут,EXACT_NAMED_PRODUCT_OR_SYMBOL,EXPLICIT_OZON_TITLE_TERM,1092558299,Валькнут,Проверить поисковую лексику вокруг конкретного названия реально присутствующего в ассортименте.,Есть ли поисковый спрос вокруг «Валькнут» и какие связанные формулировки используют пользователи?,Высокий для покрытия конкретного ассортиментного названия; результат может быть нерелевантно широким у неоднозначных слов.,Russia,topRequests,NONE,PRIMARY,LOW,DISCOVERY_PROBE_ONLY,DISCOVERY_PROBE
S016,Древо Жизни,EXACT_NAMED_PRODUCT_OR_SYMBOL,EXPLICIT_OZON_TITLE_TERM,1106060257,Древо Жизни,Проверить поисковую лексику вокруг конкретного названия реально присутствующего в ассортименте.,Есть ли поисковый спрос вокруг «Древо Жизни» и какие связанные формулировки используют пользователи?,Высокий для покрытия конкретного ассортиментного названия; результат может быть нерелевантно широким у неоднозначных слов.,Russia,topRequests,NONE,PRIMARY,HIGH,DISCOVERY_PROBE_ONLY,DISCOVERY_PROBE
S017,Ом,EXACT_NAMED_PRODUCT_OR_SYMBOL,EXPLICIT_OZON_TITLE_TERM,1112665646,Ом,Проверить поисковую лексику вокруг конкретного названия реально присутствующего в ассортименте.,Есть ли поисковый спрос вокруг «Ом» и какие связанные формулировки используют пользователи?,Высокий для покрытия конкретного ассортиментного названия; результат может быть нерелевантно широким у неоднозначных слов.,Russia,topRequests,NONE,PRIMARY,HIGH,DISCOVERY_PROBE_ONLY,DISCOVERY_PROBE
S018,Инь и Ян,EXACT_NAMED_PRODUCT_OR_SYMBOL,EXPLICIT_OZON_TITLE_TERM,1112723580,Инь и Ян,Проверить поисковую лексику вокруг конкретного названия реально присутствующего в ассортименте.,Есть ли поисковый спрос вокруг «Инь и Ян» и какие связанные формулировки используют пользователи?,Высокий для покрытия конкретного ассортиментного названия; результат может быть нерелевантно широким у неоднозначных слов.,Russia,topRequests,NONE,PRIMARY,HIGH,DISCOVERY_PROBE_ONLY,DISCOVERY_PROBE
S019,Белобог,EXACT_NAMED_PRODUCT_OR_SYMBOL,EXPLICIT_OZON_TITLE_TERM,1113280875,Белобог,Проверить поисковую лексику вокруг конкретного названия реально присутствующего в ассортименте.,Есть ли поисковый спрос вокруг «Белобог» и какие связанные формулировки используют пользователи?,Высокий для покрытия конкретного ассортиментного названия; результат может быть нерелевантно широким у неоднозначных слов.,Russia,topRequests,NONE,PRIMARY,LOW,DISCOVERY_PROBE_ONLY,DISCOVERY_PROBE
S020,Чернобог,EXACT_NAMED_PRODUCT_OR_SYMBOL,EXPLICIT_OZON_TITLE_TERM,1113288401,Чернобог,Проверить поисковую лексику вокруг конкретного названия реально присутствующего в ассортименте.,Есть ли поисковый спрос вокруг «Чернобог» и какие связанные формулировки используют пользователи?,Высокий для покрытия конкретного ассортиментного названия; результат может быть нерелевантно широким у неоднозначных слов.,Russia,topRequests,NONE,PRIMARY,LOW,DISCOVERY_PROBE_ONLY,DISCOVERY_PROBE
S021,Велес,EXACT_NAMED_PRODUCT_OR_SYMBOL,EXPLICIT_OZON_TITLE_TERM,1119957837,Велес,Проверить поисковую лексику вокруг конкретного названия реально присутствующего в ассортименте.,Есть ли поисковый спрос вокруг «Велес» и какие связанные формулировки используют пользователи?,Высокий для покрытия конкретного ассортиментного названия; результат может быть нерелевантно широким у неоднозначных слов.,Russia,topRequests,NONE,PRIMARY,MEDIUM,DISCOVERY_PROBE_ONLY,DISCOVERY_PROBE
S022,Печать Велеса,EXACT_NAMED_PRODUCT_OR_SYMBOL,EXPLICIT_OZON_TITLE_TERM,1119965443,Печать Велеса,Проверить поисковую лексику вокруг конкретного названия реально присутствующего в ассортименте.,Есть ли поисковый спрос вокруг «Печать Велеса» и какие связанные формулировки используют пользователи?,Высокий для покрытия конкретного ассортиментного названия; результат может быть нерелевантно широким у неоднозначных слов.,Russia,topRequests,NONE,PRIMARY,LOW,DISCOVERY_PROBE_ONLY,DISCOVERY_PROBE
S023,Алатырь,EXACT_NAMED_PRODUCT_OR_SYMBOL,EXPLICIT_OZON_TITLE_TERM,1124658338,Алатырь,Проверить поисковую лексику вокруг конкретного названия реально присутствующего в ассортименте.,Есть ли поисковый спрос вокруг «Алатырь» и какие связанные формулировки используют пользователи?,Высокий для покрытия конкретного ассортиментного названия; результат может быть нерелевантно широким у неоднозначных слов.,Russia,topRequests,NONE,PRIMARY,LOW,DISCOVERY_PROBE_ONLY,DISCOVERY_PROBE
S024,Триглав,EXACT_NAMED_PRODUCT_OR_SYMBOL,EXPLICIT_OZON_TITLE_TERM,1124673031,Триглав,Проверить поисковую лексику вокруг конкретного названия реально присутствующего в ассортименте.,Есть ли поисковый спрос вокруг «Триглав» и какие связанные формулировки используют пользователи?,Высокий для покрытия конкретного ассортиментного названия; результат может быть нерелевантно широким у неоднозначных слов.,Russia,topRequests,NONE,PRIMARY,LOW,DISCOVERY_PROBE_ONLY,DISCOVERY_PROBE
S025,Ратиборец,EXACT_NAMED_PRODUCT_OR_SYMBOL,EXPLICIT_OZON_TITLE_TERM,1124691132,Ратиборец,Проверить поисковую лексику вокруг конкретного названия реально присутствующего в ассортименте.,Есть ли поисковый спрос вокруг «Ратиборец» и какие связанные формулировки используют пользователи?,Высокий для покрытия конкретного ассортиментного названия; результат может быть нерелевантно широким у неоднозначных слов.,Russia,topRequests,NONE,PRIMARY,LOW,DISCOVERY_PROBE_ONLY,DISCOVERY_PROBE
S026,Молвинец,EXACT_NAMED_PRODUCT_OR_SYMBOL,EXPLICIT_OZON_TITLE_TERM,1124725450,Молвинец,Проверить поисковую лексику вокруг конкретного названия реально присутствующего в ассортименте.,Есть ли поисковый спрос вокруг «Молвинец» и какие связанные формулировки используют пользователи?,Высокий для покрытия конкретного ассортиментного названия; результат может быть нерелевантно широким у неоднозначных слов.,Russia,topRequests,NONE,PRIMARY,LOW,DISCOVERY_PROBE_ONLY,DISCOVERY_PROBE
S027,Колядник,EXACT_NAMED_PRODUCT_OR_SYMBOL,EXPLICIT_OZON_TITLE_TERM,1124733734,Колядник,Проверить поисковую лексику вокруг конкретного названия реально присутствующего в ассортименте.,Есть ли поисковый спрос вокруг «Колядник» и какие связанные формулировки используют пользователи?,Высокий для покрытия конкретного ассортиментного названия; результат может быть нерелевантно широким у неоднозначных слов.,Russia,topRequests,NONE,PRIMARY,LOW,DISCOVERY_PROBE_ONLY,DISCOVERY_PROBE
S028,Знич,EXACT_NAMED_PRODUCT_OR_SYMBOL,EXPLICIT_OZON_TITLE_TERM,1124751825,Знич,Проверить поисковую лексику вокруг конкретного названия реально присутствующего в ассортименте.,Есть ли поисковый спрос вокруг «Знич» и какие связанные формулировки используют пользователи?,Высокий для покрытия конкретного ассортиментного названия; результат может быть нерелевантно широким у неоднозначных слов.,Russia,topRequests,NONE,PRIMARY,LOW,DISCOVERY_PROBE_ONLY,DISCOVERY_PROBE
S029,Громовик,EXACT_NAMED_PRODUCT_OR_SYMBOL,EXPLICIT_OZON_TITLE_TERM,1124755617,Громовик,Проверить поисковую лексику вокруг конкретного названия реально присутствующего в ассортименте.,Есть ли поисковый спрос вокруг «Громовик» и какие связанные формулировки используют пользователи?,Высокий для покрытия конкретного ассортиментного названия; результат может быть нерелевантно широким у неоднозначных слов.,Russia,topRequests,NONE,PRIMARY,LOW,DISCOVERY_PROBE_ONLY,DISCOVERY_PROBE
S030,Всеславец,EXACT_NAMED_PRODUCT_OR_SYMBOL,EXPLICIT_OZON_TITLE_TERM,1124761013,Всеславец,Проверить поисковую лексику вокруг конкретного названия реально присутствующего в ассортименте.,Есть ли поисковый спрос вокруг «Всеславец» и какие связанные формулировки используют пользователи?,Высокий для покрытия конкретного ассортиментного названия; результат может быть нерелевантно широким у неоднозначных слов.,Russia,topRequests,NONE,PRIMARY,LOW,DISCOVERY_PROBE_ONLY,DISCOVERY_PROBE
S031,Боговник,EXACT_NAMED_PRODUCT_OR_SYMBOL,EXPLICIT_OZON_TITLE_TERM,1124764995,Боговник,Проверить поисковую лексику вокруг конкретного названия реально присутствующего в ассортименте.,Есть ли поисковый спрос вокруг «Боговник» и какие связанные формулировки используют пользователи?,Высокий для покрытия конкретного ассортиментного названия; результат может быть нерелевантно широким у неоднозначных слов.,Russia,topRequests,NONE,PRIMARY,LOW,DISCOVERY_PROBE_ONLY,DISCOVERY_PROBE
S032,Родимич,EXACT_NAMED_PRODUCT_OR_SYMBOL,EXPLICIT_OZON_TITLE_TERM,1366092977,Родимич,Проверить поисковую лексику вокруг конкретного названия реально присутствующего в ассортименте.,Есть ли поисковый спрос вокруг «Родимич» и какие связанные формулировки используют пользователи?,Высокий для покрытия конкретного ассортиментного названия; результат может быть нерелевантно широким у неоднозначных слов.,Russia,topRequests,NONE,PRIMARY,MEDIUM,DISCOVERY_PROBE_ONLY,DISCOVERY_PROBE
S033,Молитва Иоанн Златоуст,EXACT_NAMED_PRODUCT_OR_SYMBOL,EXPLICIT_OZON_TITLE_TERM,1498533114,Молитва Иоанн Златоуст,Проверить поисковую лексику вокруг конкретного названия реально присутствующего в ассортименте.,Есть ли поисковый спрос вокруг «Молитва Иоанн Златоуст» и какие связанные формулировки используют пользователи?,Высокий для покрытия конкретного ассортиментного названия; результат может быть нерелевантно широким у неоднозначных слов.,Russia,topRequests,NONE,PRIMARY,LOW,DISCOVERY_PROBE_ONLY,DISCOVERY_PROBE
S034,Жива,EXACT_NAMED_PRODUCT_OR_SYMBOL,EXPLICIT_OZON_TITLE_TERM,1830964558,Жива,Проверить поисковую лексику вокруг конкретного названия реально присутствующего в ассортименте.,Есть ли поисковый спрос вокруг «Жива» и какие связанные формулировки используют пользователи?,Высокий для покрытия конкретного ассортиментного названия; результат может быть нерелевантно широким у неоднозначных слов.,Russia,topRequests,NONE,PRIMARY,HIGH,DISCOVERY_PROBE_ONLY,DISCOVERY_PROBE
S035,Сварог,EXACT_NAMED_PRODUCT_OR_SYMBOL,EXPLICIT_OZON_TITLE_TERM,1831102037,Сварог,Проверить поисковую лексику вокруг конкретного названия реально присутствующего в ассортименте.,Есть ли поисковый спрос вокруг «Сварог» и какие связанные формулировки используют пользователи?,Высокий для покрытия конкретного ассортиментного названия; результат может быть нерелевантно широким у неоднозначных слов.,Russia,topRequests,NONE,PRIMARY,MEDIUM,DISCOVERY_PROBE_ONLY,DISCOVERY_PROBE
S036,Перун,EXACT_NAMED_PRODUCT_OR_SYMBOL,EXPLICIT_OZON_TITLE_TERM,1831181558,Перун,Проверить поисковую лексику вокруг конкретного названия реально присутствующего в ассортименте.,Есть ли поисковый спрос вокруг «Перун» и какие связанные формулировки используют пользователи?,Высокий для покрытия конкретного ассортиментного названия; результат может быть нерелевантно широким у неоднозначных слов.,Russia,topRequests,NONE,PRIMARY,MEDIUM,DISCOVERY_PROBE_ONLY,DISCOVERY_PROBE
S037,Стрибог,EXACT_NAMED_PRODUCT_OR_SYMBOL,EXPLICIT_OZON_TITLE_TERM,1831327502,Стрибог,Проверить поисковую лексику вокруг конкретного названия реально присутствующего в ассортименте.,Есть ли поисковый спрос вокруг «Стрибог» и какие связанные формулировки используют пользователи?,Высокий для покрытия конкретного ассортиментного названия; результат может быть нерелевантно широким у неоднозначных слов.,Russia,topRequests,NONE,PRIMARY,LOW,DISCOVERY_PROBE_ONLY,DISCOVERY_PROBE
S038,Макошь,EXACT_NAMED_PRODUCT_OR_SYMBOL,EXPLICIT_OZON_TITLE_TERM,1831377069,Макошь,Проверить поисковую лексику вокруг конкретного названия реально присутствующего в ассортименте.,Есть ли поисковый спрос вокруг «Макошь» и какие связанные формулировки используют пользователи?,Высокий для покрытия конкретного ассортиментного названия; результат может быть нерелевантно широким у неоднозначных слов.,Russia,topRequests,NONE,PRIMARY,MEDIUM,DISCOVERY_PROBE_ONLY,DISCOVERY_PROBE
S039,Семаргл,EXACT_NAMED_PRODUCT_OR_SYMBOL,EXPLICIT_OZON_TITLE_TERM,1831403746,Семаргл,Проверить поисковую лексику вокруг конкретного названия реально присутствующего в ассортименте.,Есть ли поисковый спрос вокруг «Семаргл» и какие связанные формулировки используют пользователи?,Высокий для покрытия конкретного ассортиментного названия; результат может быть нерелевантно широким у неоднозначных слов.,Russia,topRequests,NONE,PRIMARY,LOW,DISCOVERY_PROBE_ONLY,DISCOVERY_PROBE
S040,Хорс,EXACT_NAMED_PRODUCT_OR_SYMBOL,EXPLICIT_OZON_TITLE_TERM,1831422362,Хорс,Проверить поисковую лексику вокруг конкретного названия реально присутствующего в ассортименте.,Есть ли поисковый спрос вокруг «Хорс» и какие связанные формулировки используют пользователи?,Высокий для покрытия конкретного ассортиментного названия; результат может быть нерелевантно широким у неоднозначных слов.,Russia,topRequests,NONE,PRIMARY,HIGH,DISCOVERY_PROBE_ONLY,DISCOVERY_PROBE
S041,Мара,EXACT_NAMED_PRODUCT_OR_SYMBOL,EXPLICIT_OZON_TITLE_TERM,1831464047,Мара,Проверить поисковую лексику вокруг конкретного названия реально присутствующего в ассортименте.,Есть ли поисковый спрос вокруг «Мара» и какие связанные формулировки используют пользователи?,Высокий для покрытия конкретного ассортиментного названия; результат может быть нерелевантно широким у неоднозначных слов.,Russia,topRequests,NONE,PRIMARY,HIGH,DISCOVERY_PROBE_ONLY,DISCOVERY_PROBE
S042,Звезда Лады,EXACT_NAMED_PRODUCT_OR_SYMBOL,EXPLICIT_OZON_TITLE_TERM,1831506538,Звезда Лады,Проверить поисковую лексику вокруг конкретного названия реально присутствующего в ассортименте.,Есть ли поисковый спрос вокруг «Звезда Лады» и какие связанные формулировки используют пользователи?,Высокий для покрытия конкретного ассортиментного названия; результат может быть нерелевантно широким у неоднозначных слов.,Russia,topRequests,NONE,PRIMARY,LOW,DISCOVERY_PROBE_ONLY,DISCOVERY_PROBE
S043,Даждьбог,EXACT_NAMED_PRODUCT_OR_SYMBOL,EXPLICIT_OZON_TITLE_TERM,1832435919,Даждьбог,Проверить поисковую лексику вокруг конкретного названия реально присутствующего в ассортименте.,Есть ли поисковый спрос вокруг «Даждьбог» и какие связанные формулировки используют пользователи?,Высокий для покрытия конкретного ассортиментного названия; результат может быть нерелевантно широким у неоднозначных слов.,Russia,topRequests,NONE,PRIMARY,LOW,DISCOVERY_PROBE_ONLY,DISCOVERY_PROBE
S044,Спаси и Сохрани,EXACT_NAMED_PRODUCT_OR_SYMBOL,EXPLICIT_OZON_TITLE_TERM,2020661872,Спаси и Сохрани,Проверить поисковую лексику вокруг конкретного названия реально присутствующего в ассортименте.,Есть ли поисковый спрос вокруг «Спаси и Сохрани» и какие связанные формулировки используют пользователи?,Высокий для покрытия конкретного ассортиментного названия; результат может быть нерелевантно широким у неоднозначных слов.,Russia,topRequests,NONE,PRIMARY,HIGH,DISCOVERY_PROBE_ONLY,DISCOVERY_PROBE
S045,Чур,EXACT_NAMED_PRODUCT_OR_SYMBOL,EXPLICIT_OZON_TITLE_TERM,2324003802,Чур,Проверить поисковую лексику вокруг конкретного названия реально присутствующего в ассортименте.,Есть ли поисковый спрос вокруг «Чур» и какие связанные формулировки используют пользователи?,Высокий для покрытия конкретного ассортиментного названия; результат может быть нерелевантно широким у неоднозначных слов.,Russia,topRequests,NONE,PRIMARY,HIGH,DISCOVERY_PROBE_ONLY,DISCOVERY_PROBE
S046,Герб России,EXACT_NAMED_PRODUCT_OR_SYMBOL,EXPLICIT_OZON_TITLE_TERM,2324384021;2324467855,Герб России,Проверить поисковую лексику вокруг конкретного названия реально присутствующего в ассортименте.,Есть ли поисковый спрос вокруг «Герб России» и какие связанные формулировки используют пользователи?,Высокий для покрытия конкретного ассортиментного названия; результат может быть нерелевантно широким у неоднозначных слов.,Russia,topRequests,NONE,PRIMARY,HIGH,DISCOVERY_PROBE_ONLY,DISCOVERY_PROBE
S047,Рунический компас,EXPLICIT_ALIAS_OR_ALTERNATE_WRITING,EXPLICIT_OZON_ALIAS,1082862005,Вегвизир - Рунический компас,Проверить отдельную лексическую ветку буквально присутствующую внутри клиентского заголовка.,Даёт ли написание «Рунический компас» отдельные или дополнительные реальные поисковые формулировки?,Средний: может раскрыть отдельный словарь вокруг альтернативного написания без утверждения эквивалентности.,Russia,topRequests,NONE,PRIMARY,MEDIUM,DISCOVERY_PROBE_ONLY,DISCOVERY_PROBE
S048,Gungner,EXPLICIT_ALIAS_OR_ALTERNATE_WRITING,EXPLICIT_OZON_ALIAS,1092556350,Гунгнир (Gungner) - Копьё Одина,Проверить отдельную лексическую ветку буквально присутствующую внутри клиентского заголовка.,Даёт ли написание «Gungner» отдельные или дополнительные реальные поисковые формулировки?,Средний: может раскрыть отдельный словарь вокруг альтернативного написания без утверждения эквивалентности.,Russia,topRequests,NONE,DEFERRED_TARGETED,HIGH,DISCOVERY_PROBE_ONLY,DISCOVERY_PROBE
S049,Копьё Одина,EXPLICIT_ALIAS_OR_ALTERNATE_WRITING,EXPLICIT_OZON_ALIAS,1092556350,Гунгнир (Gungner) - Копьё Одина,Проверить отдельную лексическую ветку буквально присутствующую внутри клиентского заголовка.,Даёт ли написание «Копьё Одина» отдельные или дополнительные реальные поисковые формулировки?,Средний: может раскрыть отдельный словарь вокруг альтернативного написания без утверждения эквивалентности.,Russia,topRequests,NONE,PRIMARY,MEDIUM,DISCOVERY_PROBE_ONLY,DISCOVERY_PROBE
S050,Valknut,EXPLICIT_ALIAS_OR_ALTERNATE_WRITING,EXPLICIT_OZON_ALIAS,1092558299,Валькнут (Valknut) - Узел павших,Проверить отдельную лексическую ветку буквально присутствующую внутри клиентского заголовка.,Даёт ли написание «Valknut» отдельные или дополнительные реальные поисковые формулировки?,Средний: может раскрыть отдельный словарь вокруг альтернативного написания без утверждения эквивалентности.,Russia,topRequests,NONE,DEFERRED_TARGETED,HIGH,DISCOVERY_PROBE_ONLY,DISCOVERY_PROBE
S051,Узел павших,EXPLICIT_ALIAS_OR_ALTERNATE_WRITING,EXPLICIT_OZON_ALIAS,1092558299,Валькнут (Valknut) - Узел павших,Проверить отдельную лексическую ветку буквально присутствующую внутри клиентского заголовка.,Даёт ли написание «Узел павших» отдельные или дополнительные реальные поисковые формулировки?,Средний: может раскрыть отдельный словарь вокруг альтернативного написания без утверждения эквивалентности.,Russia,topRequests,NONE,PRIMARY,MEDIUM,DISCOVERY_PROBE_ONLY,DISCOVERY_PROBE
S052,ॐ,EXPLICIT_ALIAS_OR_ALTERNATE_WRITING,EXPLICIT_OZON_ALIAS,1112665646,Ом (санскр. ॐ) или Аум,Проверить отдельную лексическую ветку буквально присутствующую внутри клиентского заголовка.,Даёт ли написание «ॐ» отдельные или дополнительные реальные поисковые формулировки?,Средний: может раскрыть отдельный словарь вокруг альтернативного написания без утверждения эквивалентности.,Russia,topRequests,NONE,DEFERRED_TARGETED,HIGH,DISCOVERY_PROBE_ONLY,DISCOVERY_PROBE
S053,Аум,EXPLICIT_ALIAS_OR_ALTERNATE_WRITING,EXPLICIT_OZON_ALIAS,1112665646,Ом (санскр. ॐ) или Аум,Проверить отдельную лексическую ветку буквально присутствующую внутри клиентского заголовка.,Даёт ли написание «Аум» отдельные или дополнительные реальные поисковые формулировки?,Средний: может раскрыть отдельный словарь вокруг альтернативного написания без утверждения эквивалентности.,Russia,topRequests,NONE,PRIMARY,MEDIUM,DISCOVERY_PROBE_ONLY,DISCOVERY_PROBE
S054,Крест Сварога,EXPLICIT_ALIAS_OR_ALTERNATE_WRITING,EXPLICIT_OZON_ALIAS,1124658338,Алатырь (Крест Сварога),Проверить отдельную лексическую ветку буквально присутствующую внутри клиентского заголовка.,Даёт ли написание «Крест Сварога» отдельные или дополнительные реальные поисковые формулировки?,Средний: может раскрыть отдельный словарь вокруг альтернативного написания без утверждения эквивалентности.,Russia,topRequests,NONE,PRIMARY,MEDIUM,DISCOVERY_PROBE_ONLY,DISCOVERY_PROBE
S055,Шлем ужаса,EXPLICIT_ALIAS_OR_ALTERNATE_WRITING,EXPLICIT_OZON_ALIAS,1082855228,Шлем ужаса - Эгисхьяльм,Проверить отдельную лексическую ветку буквально присутствующую внутри клиентского заголовка.,Даёт ли написание «Шлем ужаса» отдельные или дополнительные реальные поисковые формулировки?,Средний: может раскрыть отдельный словарь вокруг альтернативного написания без утверждения эквивалентности.,Russia,topRequests,NONE,PRIMARY,MEDIUM,DISCOVERY_PROBE_ONLY,DISCOVERY_PROBE
S056,Эгисхьяльм,EXPLICIT_ALIAS_OR_ALTERNATE_WRITING,EXPLICIT_OZON_ALIAS,1082855228,Шлем ужаса - Эгисхьяльм,Проверить отдельную лексическую ветку буквально присутствующую внутри клиентского заголовка.,Даёт ли написание «Эгисхьяльм» отдельные или дополнительные реальные поисковые формулировки?,Средний: может раскрыть отдельный словарь вокруг альтернативного написания без утверждения эквивалентности.,Russia,topRequests,NONE,PRIMARY,LOW,DISCOVERY_PROBE_ONLY,DISCOVERY_PROBE
S057,знак зодиака,ZODIAC_FAMILY,EXPLICIT_OZON_TITLE_TERM,1217110817;1217117569;1217124642;1217129635;1217132021;1217135724;1217137863;1217141020;1217143121;1217145315;1217150153;1217152166;1834930939;1834968755;1834976037;1835021816;1835026306;1835030733;1835035733;1835037959;1835042242;1835045239;1835048645;1835050645;1835063317;1947980208;1948032144;1948039800;1948064495;1948071647;1948079096;1948085774;1948098351;1948107866;1948116414;1948128035;1948138072,Знак зодиака,Раскрыть общий язык спроса вокруг явно названного семейства.,Какие товарные и связанные запросы пользователи формулируют вокруг «знак зодиака»?,Высокий но риск информационного/астрологического шума высокий.,Russia,topRequests,NONE,PRIMARY,HIGH,DISCOVERY_PROBE_ONLY,DISCOVERY_PROBE
S058,знак зодиака Стрелец,ZODIAC_SIGN_SCOPED,EXPLICIT_OZON_TITLE_TERM,1217110817;1835026306;1948128035,Знак зодиака; Стрелец,Проверить спрос по конкретному знаку без запуска шумного одиночного слова.,Какие запросы существуют вокруг товарной формулировки «знак зодиака Стрелец»?,Высокий для покрытия конкретного знака при меньшем риске общей неоднозначности.,Russia,topRequests,NONE,PRIMARY,MEDIUM,DISCOVERY_PROBE_ONLY,DISCOVERY_PROBE
S059,знак зодиака Близнецы,ZODIAC_SIGN_SCOPED,EXPLICIT_OZON_TITLE_TERM,1217117569;1835048645;1948032144,Знак зодиака; Близнецы,Проверить спрос по конкретному знаку без запуска шумного одиночного слова.,Какие запросы существуют вокруг товарной формулировки «знак зодиака Близнецы»?,Высокий для покрытия конкретного знака при меньшем риске общей неоднозначности.,Russia,topRequests,NONE,PRIMARY,MEDIUM,DISCOVERY_PROBE_ONLY,DISCOVERY_PROBE
S060,знак зодиака Весы,ZODIAC_SIGN_SCOPED,EXPLICIT_OZON_TITLE_TERM,1217124642;1834976037;1948039800,Знак зодиака; Весы,Проверить спрос по конкретному знаку без запуска шумного одиночного слова.,Какие запросы существуют вокруг товарной формулировки «знак зодиака Весы»?,Высокий для покрытия конкретного знака при меньшем риске общей неоднозначности.,Russia,topRequests,NONE,PRIMARY,MEDIUM,DISCOVERY_PROBE_ONLY,DISCOVERY_PROBE
S061,знак зодиака Водолей,ZODIAC_SIGN_SCOPED,EXPLICIT_OZON_TITLE_TERM,1217129635;1835035733;1948064495,Знак зодиака; Водолей,Проверить спрос по конкретному знаку без запуска шумного одиночного слова.,Какие запросы существуют вокруг товарной формулировки «знак зодиака Водолей»?,Высокий для покрытия конкретного знака при меньшем риске общей неоднозначности.,Russia,topRequests,NONE,PRIMARY,MEDIUM,DISCOVERY_PROBE_ONLY,DISCOVERY_PROBE
S062,знак зодиака Дева,ZODIAC_SIGN_SCOPED,EXPLICIT_OZON_TITLE_TERM,1217132021;1835030733;1948071647;1835063317,Знак зодиака; Дева,Проверить спрос по конкретному знаку без запуска шумного одиночного слова.,Какие запросы существуют вокруг товарной формулировки «знак зодиака Дева»?,Высокий для покрытия конкретного знака при меньшем риске общей неоднозначности.,Russia,topRequests,NONE,PRIMARY,MEDIUM,DISCOVERY_PROBE_ONLY,DISCOVERY_PROBE
S063,знак зодиака Козерог,ZODIAC_SIGN_SCOPED,EXPLICIT_OZON_TITLE_TERM,1217135724;1835045239;1948079096,Знак зодиака; Козерог,Проверить спрос по конкретному знаку без запуска шумного одиночного слова.,Какие запросы существуют вокруг товарной формулировки «знак зодиака Козерог»?,Высокий для покрытия конкретного знака при меньшем риске общей неоднозначности.,Russia,topRequests,NONE,PRIMARY,MEDIUM,DISCOVERY_PROBE_ONLY,DISCOVERY_PROBE
S064,знак зодиака Овен,ZODIAC_SIGN_SCOPED,EXPLICIT_OZON_TITLE_TERM,1217137863;1835042242;1948085774,Знак зодиака; Овен,Проверить спрос по конкретному знаку без запуска шумного одиночного слова.,Какие запросы существуют вокруг товарной формулировки «знак зодиака Овен»?,Высокий для покрытия конкретного знака при меньшем риске общей неоднозначности.,Russia,topRequests,NONE,PRIMARY,MEDIUM,DISCOVERY_PROBE_ONLY,DISCOVERY_PROBE
S065,знак зодиака Лев,ZODIAC_SIGN_SCOPED,EXPLICIT_OZON_TITLE_TERM,1217141020;1835050645;1947980208,Знак зодиака; Лев,Проверить спрос по конкретному знаку без запуска шумного одиночного слова.,Какие запросы существуют вокруг товарной формулировки «знак зодиака Лев»?,Высокий для покрытия конкретного знака при меньшем риске общей неоднозначности.,Russia,topRequests,NONE,PRIMARY,MEDIUM,DISCOVERY_PROBE_ONLY,DISCOVERY_PROBE
S066,знак зодиака Рак,ZODIAC_SIGN_SCOPED,EXPLICIT_OZON_TITLE_TERM,1217143121;1834968755;1948098351,Знак зодиака; Рак,Проверить спрос по конкретному знаку без запуска шумного одиночного слова.,Какие запросы существуют вокруг товарной формулировки «знак зодиака Рак»?,Высокий для покрытия конкретного знака при меньшем риске общей неоднозначности.,Russia,topRequests,NONE,PRIMARY,MEDIUM,DISCOVERY_PROBE_ONLY,DISCOVERY_PROBE
S067,знак зодиака Рыбы,ZODIAC_SIGN_SCOPED,EXPLICIT_OZON_TITLE_TERM,1217145315;1835037959;1948107866,Знак зодиака; Рыбы,Проверить спрос по конкретному знаку без запуска шумного одиночного слова.,Какие запросы существуют вокруг товарной формулировки «знак зодиака Рыбы»?,Высокий для покрытия конкретного знака при меньшем риске общей неоднозначности.,Russia,topRequests,NONE,PRIMARY,MEDIUM,DISCOVERY_PROBE_ONLY,DISCOVERY_PROBE
S068,знак зодиака Скорпион,ZODIAC_SIGN_SCOPED,EXPLICIT_OZON_TITLE_TERM,1217150153;1835021816;1948116414,Знак зодиака; Скорпион,Проверить спрос по конкретному знаку без запуска шумного одиночного слова.,Какие запросы существуют вокруг товарной формулировки «знак зодиака Скорпион»?,Высокий для покрытия конкретного знака при меньшем риске общей неоднозначности.,Russia,topRequests,NONE,PRIMARY,MEDIUM,DISCOVERY_PROBE_ONLY,DISCOVERY_PROBE
S069,знак зодиака Телец,ZODIAC_SIGN_SCOPED,EXPLICIT_OZON_TITLE_TERM,1217152166;1834930939;1948138072,Знак зодиака; Телец,Проверить спрос по конкретному знаку без запуска шумного одиночного слова.,Какие запросы существуют вокруг товарной формулировки «знак зодиака Телец»?,Высокий для покрытия конкретного знака при меньшем риске общей неоднозначности.,Russia,topRequests,NONE,PRIMARY,MEDIUM,DISCOVERY_PROBE_ONLY,DISCOVERY_PROBE
S070,знак зодиака Телец античность,VARIANT_MARKER_DIAGNOSTIC,EXPLICIT_OZON_TITLE_TERM,1834930939,Знак зодиака; Телец; Античность,Точечно проверить используется ли клиентский маркер варианта в поиске.,Есть ли отдельная поисковая лексика вокруг варианта «Телец / Античность»?,Низкий/средний до появления базового спроса; поэтому отложено.,Russia,topRequests,NONE,DEFERRED_TARGETED,HIGH,DISCOVERY_PROBE_ONLY,DISCOVERY_PROBE
S071,знак зодиака Рак античность,VARIANT_MARKER_DIAGNOSTIC,EXPLICIT_OZON_TITLE_TERM,1834968755,Знак зодиака; Рак; Античность,Точечно проверить используется ли клиентский маркер варианта в поиске.,Есть ли отдельная поисковая лексика вокруг варианта «Рак / Античность»?,Низкий/средний до появления базового спроса; поэтому отложено.,Russia,topRequests,NONE,DEFERRED_TARGETED,HIGH,DISCOVERY_PROBE_ONLY,DISCOVERY_PROBE
S072,знак зодиака Весы античность,VARIANT_MARKER_DIAGNOSTIC,EXPLICIT_OZON_TITLE_TERM,1834976037,Знак зодиака; Весы; Античность,Точечно проверить используется ли клиентский маркер варианта в поиске.,Есть ли отдельная поисковая лексика вокруг варианта «Весы / Античность»?,Низкий/средний до появления базового спроса; поэтому отложено.,Russia,topRequests,NONE,DEFERRED_TARGETED,HIGH,DISCOVERY_PROBE_ONLY,DISCOVERY_PROBE
S073,знак зодиака Скорпион античность,VARIANT_MARKER_DIAGNOSTIC,EXPLICIT_OZON_TITLE_TERM,1835021816,Знак зодиака; Скорпион; Античность,Точечно проверить используется ли клиентский маркер варианта в поиске.,Есть ли отдельная поисковая лексика вокруг варианта «Скорпион / Античность»?,Низкий/средний до появления базового спроса; поэтому отложено.,Russia,topRequests,NONE,DEFERRED_TARGETED,HIGH,DISCOVERY_PROBE_ONLY,DISCOVERY_PROBE
S074,знак зодиака Стрелец античность,VARIANT_MARKER_DIAGNOSTIC,EXPLICIT_OZON_TITLE_TERM,1835026306,Знак зодиака; Стрелец; Античность,Точечно проверить используется ли клиентский маркер варианта в поиске.,Есть ли отдельная поисковая лексика вокруг варианта «Стрелец / Античность»?,Низкий/средний до появления базового спроса; поэтому отложено.,Russia,topRequests,NONE,DEFERRED_TARGETED,HIGH,DISCOVERY_PROBE_ONLY,DISCOVERY_PROBE
S075,знак зодиака Дева античность,VARIANT_MARKER_DIAGNOSTIC,EXPLICIT_OZON_TITLE_TERM,1835030733,Знак зодиака; Дева; Античность,Точечно проверить используется ли клиентский маркер варианта в поиске.,Есть ли отдельная поисковая лексика вокруг варианта «Дева / Античность»?,Низкий/средний до появления базового спроса; поэтому отложено.,Russia,topRequests,NONE,DEFERRED_TARGETED,HIGH,DISCOVERY_PROBE_ONLY,DISCOVERY_PROBE
S076,знак зодиака Водолей античность,VARIANT_MARKER_DIAGNOSTIC,EXPLICIT_OZON_TITLE_TERM,1835035733,Знак зодиака; Водолей; Античность,Точечно проверить используется ли клиентский маркер варианта в поиске.,Есть ли отдельная поисковая лексика вокруг варианта «Водолей / Античность»?,Низкий/средний до появления базового спроса; поэтому отложено.,Russia,topRequests,NONE,DEFERRED_TARGETED,HIGH,DISCOVERY_PROBE_ONLY,DISCOVERY_PROBE
S077,знак зодиака Рыбы античность,VARIANT_MARKER_DIAGNOSTIC,EXPLICIT_OZON_TITLE_TERM,1835037959,Знак зодиака; Рыбы; Античность,Точечно проверить используется ли клиентский маркер варианта в поиске.,Есть ли отдельная поисковая лексика вокруг варианта «Рыбы / Античность»?,Низкий/средний до появления базового спроса; поэтому отложено.,Russia,topRequests,NONE,DEFERRED_TARGETED,HIGH,DISCOVERY_PROBE_ONLY,DISCOVERY_PROBE
S078,знак зодиака Овен античность,VARIANT_MARKER_DIAGNOSTIC,EXPLICIT_OZON_TITLE_TERM,1835042242,Знак зодиака; Овен; Античность,Точечно проверить используется ли клиентский маркер варианта в поиске.,Есть ли отдельная поисковая лексика вокруг варианта «Овен / Античность»?,Низкий/средний до появления базового спроса; поэтому отложено.,Russia,topRequests,NONE,DEFERRED_TARGETED,HIGH,DISCOVERY_PROBE_ONLY,DISCOVERY_PROBE
S079,знак зодиака Козерог античность,VARIANT_MARKER_DIAGNOSTIC,EXPLICIT_OZON_TITLE_TERM,1835045239,Знак зодиака; Козерог; Античность,Точечно проверить используется ли клиентский маркер варианта в поиске.,Есть ли отдельная поисковая лексика вокруг варианта «Козерог / Античность»?,Низкий/средний до появления базового спроса; поэтому отложено.,Russia,topRequests,NONE,DEFERRED_TARGETED,HIGH,DISCOVERY_PROBE_ONLY,DISCOVERY_PROBE
S080,знак зодиака Близнецы античность,VARIANT_MARKER_DIAGNOSTIC,EXPLICIT_OZON_TITLE_TERM,1835048645,Знак зодиака; Близнецы; Античность,Точечно проверить используется ли клиентский маркер варианта в поиске.,Есть ли отдельная поисковая лексика вокруг варианта «Близнецы / Античность»?,Низкий/средний до появления базового спроса; поэтому отложено.,Russia,topRequests,NONE,DEFERRED_TARGETED,HIGH,DISCOVERY_PROBE_ONLY,DISCOVERY_PROBE
S081,знак зодиака Лев античность,VARIANT_MARKER_DIAGNOSTIC,EXPLICIT_OZON_TITLE_TERM,1835050645,Знак зодиака; Лев; Античность,Точечно проверить используется ли клиентский маркер варианта в поиске.,Есть ли отдельная поисковая лексика вокруг варианта «Лев / Античность»?,Низкий/средний до появления базового спроса; поэтому отложено.,Russia,topRequests,NONE,DEFERRED_TARGETED,HIGH,DISCOVERY_PROBE_ONLY,DISCOVERY_PROBE
S082,знак зодиака Дева античность 2,VARIANT_MARKER_DIAGNOSTIC,EXPLICIT_OZON_TITLE_TERM,1835063317,Знак зодиака; Дева; Античность 2,Точечно проверить редкий клиентский маркер варианта.,Есть ли отдельная поисковая лексика вокруг варианта «Дева / Античность 2»?,Низкий до подтверждения базового спроса; единичный вариант.,Russia,topRequests,NONE,DEFERRED_TARGETED,HIGH,DISCOVERY_PROBE_ONLY,DISCOVERY_PROBE
S083,знак зодиака Лев символы,VARIANT_MARKER_DIAGNOSTIC,EXPLICIT_OZON_TITLE_TERM,1947980208,Знак зодиака; Лев; Символы,Точечно проверить используется ли клиентский маркер варианта в поиске.,Есть ли отдельная поисковая лексика вокруг варианта «Лев / Символы»?,Низкий/средний до появления базового спроса; поэтому отложено.,Russia,topRequests,NONE,DEFERRED_TARGETED,HIGH,DISCOVERY_PROBE_ONLY,DISCOVERY_PROBE
S084,знак зодиака Близнецы символы,VARIANT_MARKER_DIAGNOSTIC,EXPLICIT_OZON_TITLE_TERM,1948032144,Знак зодиака; Близнецы; Символы,Точечно проверить используется ли клиентский маркер варианта в поиске.,Есть ли отдельная поисковая лексика вокруг варианта «Близнецы / Символы»?,Низкий/средний до появления базового спроса; поэтому отложено.,Russia,topRequests,NONE,DEFERRED_TARGETED,HIGH,DISCOVERY_PROBE_ONLY,DISCOVERY_PROBE
S085,знак зодиака Весы символы,VARIANT_MARKER_DIAGNOSTIC,EXPLICIT_OZON_TITLE_TERM,1948039800,Знак зодиака; Весы; Символы,Точечно проверить используется ли клиентский маркер варианта в поиске.,Есть ли отдельная поисковая лексика вокруг варианта «Весы / Символы»?,Низкий/средний до появления базового спроса; поэтому отложено.,Russia,topRequests,NONE,DEFERRED_TARGETED,HIGH,DISCOVERY_PROBE_ONLY,DISCOVERY_PROBE
S086,знак зодиака Водолей символы,VARIANT_MARKER_DIAGNOSTIC,EXPLICIT_OZON_TITLE_TERM,1948064495,Знак зодиака; Водолей; Символы,Точечно проверить используется ли клиентский маркер варианта в поиске.,Есть ли отдельная поисковая лексика вокруг варианта «Водолей / Символы»?,Низкий/средний до появления базового спроса; поэтому отложено.,Russia,topRequests,NONE,DEFERRED_TARGETED,HIGH,DISCOVERY_PROBE_ONLY,DISCOVERY_PROBE
S087,знак зодиака Дева символы,VARIANT_MARKER_DIAGNOSTIC,EXPLICIT_OZON_TITLE_TERM,1948071647,Знак зодиака; Дева; Символы,Точечно проверить используется ли клиентский маркер варианта в поиске.,Есть ли отдельная поисковая лексика вокруг варианта «Дева / Символы»?,Низкий/средний до появления базового спроса; поэтому отложено.,Russia,topRequests,NONE,DEFERRED_TARGETED,HIGH,DISCOVERY_PROBE_ONLY,DISCOVERY_PROBE
S088,знак зодиака Козерог символы,VARIANT_MARKER_DIAGNOSTIC,EXPLICIT_OZON_TITLE_TERM,1948079096,Знак зодиака; Козерог; Символы,Точечно проверить используется ли клиентский маркер варианта в поиске.,Есть ли отдельная поисковая лексика вокруг варианта «Козерог / Символы»?,Низкий/средний до появления базового спроса; поэтому отложено.,Russia,topRequests,NONE,DEFERRED_TARGETED,HIGH,DISCOVERY_PROBE_ONLY,DISCOVERY_PROBE
S089,знак зодиака Овен символы,VARIANT_MARKER_DIAGNOSTIC,EXPLICIT_OZON_TITLE_TERM,1948085774,Знак зодиака; Овен; Символы,Точечно проверить используется ли клиентский маркер варианта в поиске.,Есть ли отдельная поисковая лексика вокруг варианта «Овен / Символы»?,Низкий/средний до появления базового спроса; поэтому отложено.,Russia,topRequests,NONE,DEFERRED_TARGETED,HIGH,DISCOVERY_PROBE_ONLY,DISCOVERY_PROBE
S090,знак зодиака Рак символы,VARIANT_MARKER_DIAGNOSTIC,EXPLICIT_OZON_TITLE_TERM,1948098351,Знак зодиака; Рак; Символы,Точечно проверить используется ли клиентский маркер варианта в поиске.,Есть ли отдельная поисковая лексика вокруг варианта «Рак / Символы»?,Низкий/средний до появления базового спроса; поэтому отложено.,Russia,topRequests,NONE,DEFERRED_TARGETED,HIGH,DISCOVERY_PROBE_ONLY,DISCOVERY_PROBE
S091,знак зодиака Рыбы символы,VARIANT_MARKER_DIAGNOSTIC,EXPLICIT_OZON_TITLE_TERM,1948107866,Знак зодиака; Рыбы; Символы,Точечно проверить используется ли клиентский маркер варианта в поиске.,Есть ли отдельная поисковая лексика вокруг варианта «Рыбы / Символы»?,Низкий/средний до появления базового спроса; поэтому отложено.,Russia,topRequests,NONE,DEFERRED_TARGETED,HIGH,DISCOVERY_PROBE_ONLY,DISCOVERY_PROBE
S092,знак зодиака Скорпион символы,VARIANT_MARKER_DIAGNOSTIC,EXPLICIT_OZON_TITLE_TERM,1948116414,Знак зодиака; Скорпион; Символы,Точечно проверить используется ли клиентский маркер варианта в поиске.,Есть ли отдельная поисковая лексика вокруг варианта «Скорпион / Символы»?,Низкий/средний до появления базового спроса; поэтому отложено.,Russia,topRequests,NONE,DEFERRED_TARGETED,HIGH,DISCOVERY_PROBE_ONLY,DISCOVERY_PROBE
S093,знак зодиака Стрелец символы,VARIANT_MARKER_DIAGNOSTIC,EXPLICIT_OZON_TITLE_TERM,1948128035,Знак зодиака; Стрелец; Символы,Точечно проверить используется ли клиентский маркер варианта в поиске.,Есть ли отдельная поисковая лексика вокруг варианта «Стрелец / Символы»?,Низкий/средний до появления базового спроса; поэтому отложено.,Russia,topRequests,NONE,DEFERRED_TARGETED,HIGH,DISCOVERY_PROBE_ONLY,DISCOVERY_PROBE
S094,знак зодиака Телец символы,VARIANT_MARKER_DIAGNOSTIC,EXPLICIT_OZON_TITLE_TERM,1948138072,Знак зодиака; Телец; Символы,Точечно проверить используется ли клиентский маркер варианта в поиске.,Есть ли отдельная поисковая лексика вокруг варианта «Телец / Символы»?,Низкий/средний до появления базового спроса; поэтому отложено.,Russia,topRequests,NONE,DEFERRED_TARGETED,HIGH,DISCOVERY_PROBE_ONLY,DISCOVERY_PROBE
S095,герб россии логотип,VARIANT_MARKER_DIAGNOSTIC,EXPLICIT_OZON_TITLE_TERM,2324467855,Герб России; Логотип,Точечно проверить несёт ли маркер «Логотип» отдельную поисковую лексику.,Есть ли релевантный товарный спрос вокруг сочетания «герб россии логотип»?,Низкий до подтверждения базового спроса по «Герб России».,Russia,topRequests,NONE,DEFERRED_TARGETED,HIGH,DISCOVERY_PROBE_ONLY,DISCOVERY_PROBE
S096,Кровь и Песок,BRAND,BRAND_FACT,CLIENT_BRIEF,Кровь и Песок,Отдельно измерить брендовый/омонимичный спрос не смешивая его с небрендовым.,Есть ли поисковый спрос относимый к бренду и насколько велик риск омонимии?,Средний: может показать необходимость брендового разветвления но ожидается сильная омонимия.,Russia,topRequests,NONE,PRIMARY,HIGH,DISCOVERY_PROBE_ONLY,DISCOVERY_PROBE
S097,Blood & Sand,BRAND,BRAND_FACT,CLIENT_BRIEF,Blood & Sand,Проверить английское написание бренда только как отдельную ветку.,Есть ли заметная поисковая лексика вокруг английского написания бренда?,Низкий/средний и высокий риск нерелевантной омонимии; отложено.,Russia,topRequests,NONE,DEFERRED_TARGETED,HIGH,DISCOVERY_PROBE_ONLY,DISCOVERY_PROBE
