queue_id	family_id	expansion_reason	missing_vocabulary_or_boundary	proposed_evidence_route	provider_call_required	owner_clarification_required	priority_basis	source_locators	supersedes_original_queue_ids	information_gain_stopping_rule
E001	F026	Прямой каталожный маркер RSOTM дал пустой текущий результат.	Не проверены безопасные варианты регистра/связки с точным заголовком.	STEP05: один квалифицированный Wordstat probe после отдельного разрешения.	YES_STEP05_ONLY	NO	Прямая карточка клиента осталась без наблюдаемой ветви; частотность не использовалась.	run=49|seed=Q001|request_id=wordstat-batch-9292c032-e48e-443e-8576-a51ad4b2c8cc|carrier=STEP_03_WORDSTAT_RAW/001__Q001__wordstat-batch-9292c032-e48e-443e-8576-a51ad4b2c8cc.txt;CLIENT_SUPPLIED_PRODUCT_CATALOG_OZON_76.csv:source_row=1	E001	В будущем разрешённом этапе выполнить один ограниченный раунд; остановиться, когда следующий probe не добавляет новой различающей лексики или границы.
E002	F027	Soldier Of Fortune дал пустой текущий результат.	Не проверены русская транслитерация и точная товарная связка.	STEP05: квалифицированные варианты только после отдельного разрешения.	YES_STEP05_ONLY	NO	Прямая карточка клиента осталась без наблюдаемой ветви.	run=50|seed=Q002|request_id=wordstat-619ef51a-c0a8-4a6b-9f7e-4f1709aae204|carrier=STEP_03_WORDSTAT_RAW/RECOVERED__050__wordstat-619ef51a-c0a8-4a6b-9f7e-4f1709aae204.json;CLIENT_SUPPLIED_PRODUCT_CATALOG_OZON_76.csv:source_row=2	E002	В будущем разрешённом этапе выполнить один ограниченный раунд; остановиться, когда следующий probe не добавляет новой различающей лексики или границы.
E003	F028	«Бусидо — Путь Воина» дал пустой текущий результат.	Не разделены полное имя, «Бусидо» и «Путь Воина» с товарным уточнением.	STEP05: ограниченная проверка вариантов после отдельного разрешения.	YES_STEP05_ONLY	NO	Прямая карточка клиента осталась без наблюдаемой ветви.	run=51|seed=Q003|request_id=wordstat-2e63726e-3660-4838-b5d4-b56bbfcb00f5|carrier=STEP_03_WORDSTAT_RAW/RECOVERED__051__wordstat-2e63726e-3660-4838-b5d4-b56bbfcb00f5.json;CLIENT_SUPPLIED_PRODUCT_CATALOG_OZON_76.csv:source_row=3	E003	В будущем разрешённом этапе выполнить один ограниченный раунд; остановиться, когда следующий probe не добавляет новой различающей лексики или границы.
E004	F020;F024;F029	«Молитва Иоанн Златоуст» и родственная молитвенная ветвь смешивают текст/практику с возможным физическим товаром, а текущий квалифицированный источник карточки пуст.	Физическое представление карточки и допустимая терминология; provider-статистика не может установить этот клиентский факт.	Сначала CLIENT CLARIFICATION; затем один условный Step05 probe только при подтверждённой физической форме.	CONDITIONAL_AFTER_CLIENT_FACT	YES	Прямая карточка существует, но её физическая форма не установлена разрешённым вводом; это owner-fact boundary.	run=57|seed=Q009|request_id=wordstat-a1806f14-9a1b-4893-9665-7c7efe2c08ee|carrier=STEP_03_WORDSTAT_RAW/MANUAL__057__wordstat-a1806f14-9a1b-4893-9665-7c7efe2c08ee.raw.txt;CLIENT_SUPPLIED_PRODUCT_CATALOG_OZON_76.csv:source_row=37;run=57|seed=Q009|request_id=wordstat-a1806f14-9a1b-4893-9665-7c7efe2c08ee|carrier=STEP_03_WORDSTAT_RAW/MANUAL__057__wordstat-a1806f14-9a1b-4893-9665-7c7efe2c08ee.raw.txt;run=64|seed=Q016|request_id=wordstat-0f2a87e8-011b-4bee-b678-a295e5ec0ba0|carrier=STEP_03_WORDSTAT_RAW/MANUAL__064__wordstat-0f2a87e8-011b-4bee-b678-a295e5ec0ba0.raw.txt;CLIENT_SUPPLIED_PRODUCT_CATALOG_OZON_76.csv:source_rows=37,73	E004;E017	Сначала получить клиентский факт о физической форме. Если факта нет — остановиться без provider-вызова. Если факт есть — один ограниченный probe; остановиться после отделения товара от текста/практики или при отсутствии новой различающей лексики.
E005	F030	«Герб России» дал пустой текущий результат.	Не проверено товарное уточнение, не придумываю форму изделия.	STEP05: после подтверждения формы — квалифицированный probe.	CONDITIONAL_AFTER_CLIENT_FACT	YES	Две прямые карточки без наблюдаемой ветви; материал/форма не указаны.	run=66|seed=Q018|request_id=wordstat-2b4aa550-9f6d-4f23-aa39-cec90ee18ada|carrier=STEP_03_WORDSTAT_RAW/MANUAL__066__wordstat-2b4aa550-9f6d-4f23-aa39-cec90ee18ada.raw.txt;CLIENT_SUPPLIED_PRODUCT_CATALOG_OZON_76.csv:source_rows=75-76	E005	После клиентского факта выполнить не более одной ограниченной проверки; остановиться при разрешённой границе либо отсутствии нового словаря.
E006	F031	Брендовая связка «Кровь и Песок» + товар дала пустой результат.	Не отделены брендовые формулировки от одноимённых медиа без выдумывания запроса.	STEP05: точные брендовые квалификаторы после отдельного разрешения.	YES_STEP05_ONLY	NO	Клиентское имя бренда осталось без наблюдаемой товарной ветви.	run=67|seed=Q019|request_id=wordstat-0b5fe42d-3b5c-4cb3-aa1f-76c77ea6ec12|carrier=STEP_03_WORDSTAT_RAW/MANUAL__067__wordstat-0b5fe42d-3b5c-4cb3-aa1f-76c77ea6ec12.raw.txt;CLIENT_SUPPLIED_BRIEF.md:9-17	E006	В будущем разрешённом этапе выполнить один ограниченный раунд; остановиться, когда следующий probe не добавляет новой различающей лексики или границы.
E008	F008;F019	Ом/Аум имеет товарное имя и явные промышленные, организационные, медийные и практические смыслы.	Не хватает высокоточных товарных квалификаторов, отделяющих физический товар.	STEP05: квалифицированные товарные варианты Ом/Аум.	YES_STEP05_ONLY	NO	Наблюдаемая многозначность, а не частота, мешает границе.	run=32|seed=S053|request_id=wordstat-efdd12e7-8d7b-4142-96c7-8ece1d883426|carrier=STEP_03_WORDSTAT_RAW/RECOVERY_REQUERY__032__wordstat-efdd12e7-8d7b-4142-96c7-8ece1d883426.raw.txt;run=53|seed=Q005|request_id=wordstat-d906b011-52e0-4a5e-b9f1-b155776056a2|carrier=STEP_03_WORDSTAT_RAW/MANUAL__053__wordstat-d906b011-52e0-4a5e-b9f1-b155776056a2.raw.txt;CLIENT_SUPPLIED_PRODUCT_CATALOG_OZON_76.csv:source_row=9	E008	В будущем разрешённом этапе выполнить один ограниченный раунд; остановиться, когда следующий probe не добавляет новой различающей лексики или границы.
E009	F008;F016	Гунгнир/Копьё Одина смешивается с игровыми предметами.	Нужна граница физического товара против AWP/Assassin’s Creed/Valhalla.	STEP05: товарно-квалифицированные варианты названия.	YES_STEP05_ONLY	NO	Явные игровые контексты наблюдаются рядом с каталожным именем.	run=11|seed=S014|request_id=wordstat-d5ee7054-c755-43d9-8cd2-8dc955b1d97c|carrier=STEP_03_WORDSTAT_RAW/REQUERY_COMPRESSED/README_RECONSTRUCTION_2026-09-09.md#R010;run=30|seed=S049|request_id=wordstat-2b626d09-5631-4d78-a365-8a3117dd5cf7|carrier=STEP_03_WORDSTAT_RAW/MANUAL__030__kopye_odina__wordstat-2b626d09-5631-4d78-a365-8a3117dd5cf7.txt;CLIENT_SUPPLIED_PRODUCT_CATALOG_OZON_76.csv:source_row=6	E009	В будущем разрешённом этапе выполнить один ограниченный раунд; остановиться, когда следующий probe не добавляет новой различающей лексики или границы.
E010	F008;F018	Алатырь, Триглав, Ратиборец, Знич и Громовик имеют явные места/организации/людей.	Нужны квалификаторы физического товара для каждого имени.	STEP05: точечные товарные probes по именам с коллизиями.	YES_STEP05_ONLY	NO	Корпус показывает несколько референтов; короткие имена нельзя решать токеном.	run=16|seed=S023|request_id=wordstat-91384b79-6f27-47f4-b6b6-969d3bea3f28|carrier=STEP_03_WORDSTAT_RAW/MANUAL__016__alatyr__wordstat-91384b79-6f27-47f4-b6b6-969d3bea3f28.txt;run=17|seed=S024|request_id=wordstat-9158d115-973a-4276-9eaf-31ed174e40ee|carrier=STEP_03_WORDSTAT_RAW/MANUAL__017__triglav__wordstat-9158d115-973a-4276-9eaf-31ed174e40ee.txt;run=18|seed=S025|request_id=wordstat-1991e587-995c-41d1-ad18-4b9554eb44ef|carrier=STEP_03_WORDSTAT_RAW/MANUAL__018__ratiborets__wordstat-1991e587-995c-41d1-ad18-4b9554eb44ef.txt;run=21|seed=S028|request_id=wordstat-94f56ea5-fc2a-4e06-bac3-b6363bf49e88|carrier=STEP_03_WORDSTAT_RAW/MANUAL__021__znich__wordstat-94f56ea5-fc2a-4e06-bac3-b6363bf49e88.txt;run=22|seed=S029|request_id=wordstat-cb0b6dee-7f12-4daf-8feb-3938461b8d3a|carrier=STEP_03_WORDSTAT_RAW/MANUAL__022__gromovik__wordstat-cb0b6dee-7f12-4daf-8feb-3938461b8d3a.txt;CLIENT_SUPPLIED_PRODUCT_CATALOG_OZON_76.csv:source_rows=15-17,20-21	E010	В будущем разрешённом этапе выполнить один ограниченный раунд; остановиться, когда следующий probe не добавляет новой различающей лексики или границы.
E011	F008;F016;F017	Белобог, Чернобог и Мара смешиваются с играми, книгами и медиа.	Нужны товарные квалификаторы, не совпадающие с произведениями/игровыми предметами.	STEP05: ограниченные товарные probes.	YES_STEP05_ONLY	NO	Явные чужие контексты наблюдаются при прямой поддержке названий каталогом.	run=13|seed=S019|request_id=wordstat-0f49c7f5-bf26-4961-be46-a46f6608b1f1|carrier=STEP_03_WORDSTAT_RAW/MANUAL__013__belobog__wordstat-0f49c7f5-bf26-4961-be46-a46f6608b1f1.txt;run=14|seed=S020|request_id=wordstat-18f729fc-10dd-47b8-8abd-015cb23057ee|carrier=STEP_03_WORDSTAT_RAW/MANUAL__014__chernobog__wordstat-18f729fc-10dd-47b8-8abd-015cb23057ee.txt;run=63|seed=Q015|request_id=wordstat-265d1531-79b3-48dd-a441-ecb5599da3ff|carrier=STEP_03_WORDSTAT_RAW/MANUAL__063__wordstat-265d1531-79b3-48dd-a441-ecb5599da3ff.raw.txt;CLIENT_SUPPLIED_PRODUCT_CATALOG_OZON_76.csv:source_rows=11-12,45	E011	В будущем разрешённом этапе выполнить один ограниченный раунд; остановиться, когда следующий probe не добавляет новой различающей лексики или границы.
E012	F006;F012;F021	Зодиакальные probes в основном раскрывают астрологию; товарная форма не названа клиентом.	Нужно подтвердить физическую форму и затем проверить товарные формулировки всех 12 знаков без астрологических тем.	Сначала CLIENT CLARIFICATION; затем Step05 при подтверждении.	CONDITIONAL_AFTER_CLIENT_FACT	YES	В каталоге есть 12 знаков и серии, но нет факта о форме/материале.	run=36|seed=S057|request_id=wordstat-e142a328-7497-495b-83ee-ef069dbae0d0|carrier=STEP_03_WORDSTAT_RAW/RECOVERY_REQUERY__036__wordstat-e142a328-7497-495b-83ee-ef069dbae0d0.raw.txt;run=37|seed=S058|request_id=wordstat-93645021-729a-492b-9ba7-4e607f0c440f|carrier=STEP_03_WORDSTAT_RAW/RECOVERY_REQUERY__037__wordstat-93645021-729a-492b-9ba7-4e607f0c440f.raw.txt;run=38|seed=S059|request_id=wordstat-547013bc-6ce5-48de-981e-411f71b7d247|carrier=STEP_03_WORDSTAT_RAW/RECOVERY_REQUERY__038__wordstat-547013bc-6ce5-48de-981e-411f71b7d247.raw.txt;run=39|seed=S060|request_id=wordstat-77401772-61c8-4bbd-abb9-447700dd1e37|carrier=STEP_03_WORDSTAT_RAW/RECOVERY_REQUERY__039__wordstat-77401772-61c8-4bbd-abb9-447700dd1e37.raw.txt;run=40|seed=S061|request_id=wordstat-d465de72-775d-4255-83cb-9ad9b4373925|carrier=STEP_03_WORDSTAT_RAW/RECOVERY_REQUERY__040__wordstat-d465de72-775d-4255-83cb-9ad9b4373925.raw.txt;run=41|seed=S062|request_id=wordstat-459de9aa-c5e2-42e6-9ce1-a160bbafd8e0|carrier=STEP_03_WORDSTAT_RAW/RECOVERY_REQUERY__041__wordstat-459de9aa-c5e2-42e6-9ce1-a160bbafd8e0.raw.txt;run=42|seed=S063|request_id=wordstat-9bf7288d-de00-4dba-a5e6-b254ada7cf84|carrier=STEP_03_WORDSTAT_RAW/RECOVERY_REQUERY__042__wordstat-9bf7288d-de00-4dba-a5e6-b254ada7cf84.raw.txt;run=43|seed=S064|request_id=wordstat-b9438bf7-323d-4230-b91a-55dfa5474b1b|carrier=STEP_03_WORDSTAT_RAW/RECOVERY_REQUERY__043__wordstat-b9438bf7-323d-4230-b91a-55dfa5474b1b.raw.txt;run=44|seed=S065|request_id=wordstat-dde33455-ff1a-4b90-9c01-f1ed89c5ff15|carrier=STEP_03_WORDSTAT_RAW/RECOVERY_REQUERY__044__wordstat-dde33455-ff1a-4b90-9c01-f1ed89c5ff15.raw.txt;run=45|seed=S066|request_id=wordstat-22d64620-4342-4d7b-8ad0-9d4c3e54c34a|carrier=STEP_03_WORDSTAT_RAW/RECOVERY_REQUERY__045__wordstat-22d64620-4342-4d7b-8ad0-9d4c3e54c34a.raw.txt;run=46|seed=S067|request_id=wordstat-bfc1f74c-8137-4795-a00d-47ed8b85d894|carrier=STEP_03_WORDSTAT_RAW/RECOVERY_REQUERY__046__wordstat-bfc1f74c-8137-4795-a00d-47ed8b85d894.raw.txt;run=47|seed=S068|request_id=wordstat-0088ece9-d252-428d-927f-0acdf0a03a84|carrier=STEP_03_WORDSTAT_RAW/RECOVERY_REQUERY__047__wordstat-0088ece9-d252-428d-927f-0acdf0a03a84.raw.txt;run=48|seed=S069|request_id=wordstat-9d96a936-b280-4cfb-abb0-5f4a280acd13|carrier=STEP_03_WORDSTAT_RAW/RECOVERY_REQUERY__048__wordstat-9d96a936-b280-4cfb-abb0-5f4a280acd13.raw.txt;CLIENT_SUPPLIED_PRODUCT_CATALOG_OZON_76.csv:source_rows=24-35,48-72	E012	После клиентского факта выполнить не более одной ограниченной проверки; остановиться при разрешённой границе либо отсутствии нового словаря.
E013	F004;F014	Чётки системно смешиваются с «чётко/чёткий».	Нужны формы слова и товарные контексты, устойчивые к морфологическому шуму.	STEP05: квалифицированные probes для чёток после отдельного разрешения.	YES_STEP05_ONLY	NO	Наблюдаемая морфологическая коллизия; низкая частота не является основанием.	run=4|seed=S004|request_id=wordstat-5f8ca245-591e-4eba-afa4-03d32a86a4cd|carrier=STEP_03_WORDSTAT_RAW/REQUERY_COMPRESSED/README_RECONSTRUCTION_2026-09-09.md#R003;run=6|seed=S006|request_id=wordstat-98526ed9-70df-4187-ad22-5baed43c2505|carrier=STEP_03_WORDSTAT_RAW/REQUERY_COMPRESSED/README_RECONSTRUCTION_2026-09-09.md#R005;run=77|seed=U010|request_id=wordstat-f0552a85-2c20-4cac-b82a-cde81ba46331|carrier=STEP_03_WORDSTAT_RAW/MANUAL__077__wordstat-f0552a85-2c20-4cac-b82a-cde81ba46331.raw.txt;run=78|seed=U011|request_id=wordstat-e48790f1-068e-4211-9b16-d67b1fea01f9|carrier=STEP_03_WORDSTAT_RAW/MANUAL__078__wordstat-e48790f1-068e-4211-9b16-d67b1fea01f9.raw.txt;run=79|seed=U012|request_id=wordstat-1c3ab46e-40ee-455a-a92d-a78975ee48fc|carrier=STEP_03_WORDSTAT_RAW/MANUAL__079__wordstat-1c3ab46e-40ee-455a-a92d-a78975ee48fc.raw.txt;CLIENT_SUPPLIED_PRODUCT_CATALOG_OZON_76.csv:source_rows=1-4	E013	В будущем разрешённом этапе выполнить один ограниченный раунд; остановиться, когда следующий probe не добавляет новой различающей лексики или границы.
E014	F003;F015	Автомобильный use-context смешивается с Chery Amulet/Renault Talisman и их деталями; exact run70 «талисман для авто» пуст, но эквивалентные формулировки уже наблюдаются.	Только конкретная остающаяся граница использования предмета в машине против модели/детали; не общий поиск синонимов ради пустого exact run70.	STEP05: один ограниченный probe лишь если после построчной проверки останется конкретная use-vs-model коллизия.	YES_STEP05_ONLY	NO	Клиентский сценарий подтверждён; эквивалентная лексика уже наблюдается, поэтому пустой exact run70 сам по себе не создаёт новый gap.	run=5|seed=S005|request_id=wordstat-9abdd468-6be0-4488-87b0-1ef4e0c00eec|carrier=STEP_03_WORDSTAT_RAW/REQUERY_COMPRESSED/README_RECONSTRUCTION_2026-09-09.md#R004;run=7|seed=S007|request_id=wordstat-c13bc962-435f-431b-ae7d-7cb942ddd7ce|carrier=STEP_03_WORDSTAT_RAW/REQUERY_COMPRESSED/README_RECONSTRUCTION_2026-09-09.md#R006;run=8|seed=S008|request_id=wordstat-d917ee75-b5a8-4a89-8dc6-a5abd3758a4f|carrier=STEP_03_WORDSTAT_RAW/REQUERY_COMPRESSED/README_RECONSTRUCTION_2026-09-09.md#R007;run=68|seed=U001|request_id=wordstat-3515351f-1a9b-426b-91c2-860e7b3d8185|carrier=STEP_03_WORDSTAT_RAW/MANUAL__068__wordstat-3515351f-1a9b-426b-91c2-860e7b3d8185.raw.txt;run=69|seed=U002|request_id=wordstat-0204dfc3-fb1c-495b-b750-4da5d9062063|carrier=STEP_03_WORDSTAT_RAW/MANUAL__069__wordstat-0204dfc3-fb1c-495b-b750-4da5d9062063.raw.txt;run=70|seed=U003|request_id=wordstat-aada7f6b-763e-4dff-9ce0-47790041de8a|carrier=STEP_03_WORDSTAT_RAW/MANUAL__070__wordstat-aada7f6b-763e-4dff-9ce0-47790041de8a.raw.txt;run=71|seed=U004|request_id=wordstat-69e29643-a286-4928-aa24-90d51d56e0e7|carrier=STEP_03_WORDSTAT_RAW/MANUAL__071__wordstat-69e29643-a286-4928-aa24-90d51d56e0e7.raw.txt;run=72|seed=U005|request_id=wordstat-72aa3bc2-bd3e-4801-9b5f-1eef8d9bfc64|carrier=STEP_03_WORDSTAT_RAW/MANUAL__072__wordstat-72aa3bc2-bd3e-4801-9b5f-1eef8d9bfc64.raw.txt;run=73|seed=U006|request_id=wordstat-ad1bbc2a-16e4-419b-ad5a-87a42eaf93f7|carrier=STEP_03_WORDSTAT_RAW/MANUAL__073__wordstat-ad1bbc2a-16e4-419b-ad5a-87a42eaf93f7.raw.txt;run=74|seed=U007|request_id=wordstat-4d0b72a9-32bc-488c-91e4-7f11e2b1d919|carrier=STEP_03_WORDSTAT_RAW/MANUAL__074__wordstat-4d0b72a9-32bc-488c-91e4-7f11e2b1d919.raw.txt;run=75|seed=U008|request_id=wordstat-c8adf976-5a9e-45d3-a54f-31848415b9a1|carrier=STEP_03_WORDSTAT_RAW/MANUAL__075__wordstat-c8adf976-5a9e-45d3-a54f-31848415b9a1.raw.txt;run=76|seed=U009|request_id=wordstat-47f600b7-9d40-4c36-a4e9-1654b57b40fd|carrier=STEP_03_WORDSTAT_RAW/MANUAL__076__wordstat-47f600b7-9d40-4c36-a4e9-1654b57b40fd.raw.txt;CLIENT_SUPPLIED_BRIEF.md:9-17;run=5|seed=S005|request_id=wordstat-9abdd468-6be0-4488-87b0-1ef4e0c00eec|carrier=STEP_03_WORDSTAT_RAW/REQUERY_COMPRESSED/README_RECONSTRUCTION_2026-09-09.md#R004;run=68|seed=U001|request_id=wordstat-3515351f-1a9b-426b-91c2-860e7b3d8185|carrier=STEP_03_WORDSTAT_RAW/MANUAL__068__wordstat-3515351f-1a9b-426b-91c2-860e7b3d8185.raw.txt;run=69|seed=U002|request_id=wordstat-0204dfc3-fb1c-495b-b750-4da5d9062063|carrier=STEP_03_WORDSTAT_RAW/MANUAL__069__wordstat-0204dfc3-fb1c-495b-b750-4da5d9062063.raw.txt;run=70|seed=U003|request_id=wordstat-aada7f6b-763e-4dff-9ce0-47790041de8a|carrier=STEP_03_WORDSTAT_RAW/MANUAL__070__wordstat-aada7f6b-763e-4dff-9ce0-47790041de8a.raw.txt;CLIENT_SUPPLIED_BRIEF.md:9-17	E007;E014	Запускать только при конкретной неразрешённой car-use/model коллизии. Остановиться после одного bounded test, когда наблюдается квалифицированная use-лексика и сущностная коллизия отделима; не повторять вызов только потому, что exact «для авто» был пуст.
E015	F009	В корпусе есть формы и материалы, которых нет в 76 разрешённых заголовках.	Фактические материалы, размеры и физические формы ассортимента.	CLIENT CLARIFICATION; provider expansion не выполнять до получения факта.	NO	YES	Отсутствующий бизнес-факт нельзя получать из текста запросов.	CLIENT_SUPPLIED_PRODUCT_CATALOG_OZON_76.csv; STEP_04_FAMILY_TRIAGE_CORRECTED_2026-09-10.tsv:F009	E015	Остановиться после получения или явного отсутствия требуемого клиентского факта; provider-запрос без этого факта не выполнять.
E016	F011	В корпусе есть обещания защиты/эффекта и аудитории, не подтверждённые клиентом.	Разрешённые фактические описания назначения без мистических/медицинских обещаний.	CLIENT CLARIFICATION; при отсутствии факта сохранить ограничение.	NO	YES	Клиентский brief прямо запрещает изобретать эффекты.	CLIENT_SUPPLIED_BRIEF.md:128-137; STEP_04_FAMILY_TRIAGE_CORRECTED_2026-09-10.tsv:F011	E016	Остановиться после получения или явного отсутствия требуемого клиентского факта; provider-запрос без этого факта не выполнять.
