family_id	family_label_plain_russian	family_definition	in_scope_boundary	out_of_scope_boundary	representative_phrases	normalized_identity_count	raw_occurrence_count	keep_identity_count	hold_identity_count	keep_raw_count	hold_raw_count	business_lineage	business_relevance_confidence	family_coherence_confidence	primary_user_task_hypothesis	intent_hint_not_final	final_intent_status	serp_cluster_status	ambiguity_classes	coverage_state	family_triage_state	expansion_needed	expansion_reason	sanitation_feedback_present	superseded_family_mapping_summary	uncertainty	frequency_used_for_family_decision	coherence_regression_gate
PSF001	Общие названия товара без уточнения	Амулет, оберег или талисман без достаточного уточнения предмета и без явной пользовательской задачи.	Прямое клиентское товарное слово без доказанного чужого референта.	Явные media/game/vehicle/entity, toy, DIY/make/craft контексты и финальный intent verdict.	"[""амулет"",""оберег"",""амулет 1"",""амулет 2"",""амулет 3"",""амулет 4"",""амулет 5"",""амулет 6""]"	2870	2948	2870	0	2948	0	CLIENT_SUPPLIED_BRIEF: амулеты/обереги/талисманы; 76-card Ozon catalog; Russia	SUPPORTED_OR_PLAUSIBLE_NOT_FINAL	DIAGNOSTIC_PASS_WITH_NONBLOCKING_HETEROGENEITY	Найти или понять общий класс товара.	MIXED_COMMERCIAL_INFORMATIONAL_NOT_FINAL	NOT_FINAL_AT_STEP04	NOT_EVALUATED_AT_STEP04	GENERIC_PRODUCT_NOUN_NEEDS_REFERENT	OBSERVED_FULL_VOLUME	PLAUSIBLE_IN_SCOPE	NO	Сначала построчная проверка Step10.	NO	PSF001:2870	Короткая формулировка не раскрывает референт и задачу.	NO	PASS_WITH_NONBLOCKING_FINDINGS
PSF002	Общие товарные запросы с покупкой	Товарное слово с явным маркером покупки, цены, заказа, магазина или доставки.	Поддержанный класс товара и коммерческая формулировка без явного чужого объекта.	Чужая модель/медиа/игра даже при наличии слова товара.	"[""амулет озон"",""озон оберег"",""амулет авито"",""амулеты цена"",""авито обереги"",""купить амулет"",""купить оберег"",""магазин амулет""]"	70	70	70	0	70	0	CLIENT_SUPPLIED_BRIEF: амулеты/обереги/талисманы; 76-card Ozon catalog; Russia	HIGH_BUSINESS_SUPPORT_NOT_FINAL	DIAGNOSTIC_PASS_NOT_FINAL	Выбрать и приобрести товар общего класса.	COMMERCIAL_TRANSACTIONAL_HINT_NOT_FINAL	NOT_FINAL_AT_STEP04	NOT_EVALUATED_AT_STEP04	LOW_AT_FAMILY_LEVEL	OBSERVED_FULL_VOLUME	STRONG_IN_SCOPE	NO	Текущего словаря достаточно для семейной фиксации.	NO	PSF002:70	Страница и окончательное намерение ещё не определены.	NO	PASS
PSF003	Товары для автомобиля	Амулеты, обереги, талисманы или чётки с явным сценарием использования в машине/для водителя.	Клиент явно сообщает автомобильный ассортимент; фраза описывает использование предмета.	Марка, модель, деталь, ремонт, краска и совместимость автозапчасти.	"[""четки в авто"",""четки в машину"",""четки для авто"",""амулет в машину"",""оберег в машину"",""оберег для авто"",""амулеты для авто"",""четки для машины""]"	148	158	148	0	158	0	CLIENT_SUPPLIED_BRIEF: амулеты/обереги/талисманы; 76-card Ozon catalog; Russia	HIGH_BUSINESS_SUPPORT_NOT_FINAL	DIAGNOSTIC_PASS_WITH_NONBLOCKING_HETEROGENEITY	Выбрать символический товар для автомобиля или водителя.	COMMERCIAL_USE_CASE_HINT_NOT_FINAL	NOT_FINAL_AT_STEP04	NOT_EVALUATED_AT_STEP04	PRODUCT_VS_VEHICLE_MODEL_OR_PART	OBSERVED_BOUNDARY_NEEDS_LATER_CHECK	STRONG_IN_SCOPE	YES	Остаётся bounded use-vs-model collision.	NO	PSF003:148	Конкретная физическая форма и модель товара не установлены для каждой фразы.	NO	PASS_WITH_NONBLOCKING_FINDINGS
PSF004	Чётки как физический предмет	Фразы о чётках/четках как предмете, включая выбор, виды и использование.	Чётки прямо присутствуют в четырёх карточках Ozon.	Явная практика без предмета, лексическое 'чётко', игры/медиа и автодетали.	"[""четки"",""4 четки"",""b четки"",""ж четки"",""четки 1"",""четки 2"",""четки б"",""четки н""]"	662	663	662	0	663	0	CLIENT_SUPPLIED_PRODUCT_CATALOG_OZON_76.csv; exact catalog names only; physical form mostly not stated	SUPPORTED_OR_PLAUSIBLE_NOT_FINAL	DIAGNOSTIC_PASS_WITH_NONBLOCKING_HETEROGENEITY	Найти, выбрать или понять чётки как предмет.	MIXED_PRODUCT_INFORMATIONAL_NOT_FINAL	NOT_FINAL_AT_STEP04	NOT_EVALUATED_AT_STEP04	GENERIC_PRODUCT_NOUN_NEEDS_REFERENT	OBSERVED_FULL_VOLUME	PLAUSIBLE_IN_SCOPE	YES	Нужна контролируемая морфологическая граница.	NO	PSF004:662	Форма слова и религиозный/автомобильный контекст требуют дальнейшего evidence.	NO	PASS_WITH_NONBLOCKING_FINDINGS
PSF005	Каталожное имя с товаром, формой или покупкой	Название из разрешённого каталога рядом с товарным словом, физической формой или коммерческим маркером.	Каталожное имя явно поддержано и квалифицировано как предмет/покупка.	Одноимённая игра, медиа, место, организация или автомобильный объект.	"[""оберег ом"",""амулет чур"",""амулеты ом"",""оберег чур"",""амулет жива"",""амулет хорс"",""знич оберег"",""оберег мара""]"	497	537	365	132	403	134	CLIENT_SUPPLIED_PRODUCT_CATALOG_OZON_76.csv; exact catalog names only; physical form mostly not stated	SUPPORTED_OR_PLAUSIBLE_NOT_FINAL	DIAGNOSTIC_PASS_WITH_NONBLOCKING_HETEROGENEITY	Найти или купить предмет с конкретным символом/именем.	COMMERCIAL_OR_PRODUCT_RESEARCH_HINT_NOT_FINAL	NOT_FINAL_AT_STEP04	NOT_EVALUATED_AT_STEP04	PRODUCT_NAME_NEEDS_REFERENT_CONFIRMATION	OBSERVED_FULL_VOLUME	PLAUSIBLE_IN_SCOPE	YES	Часть имён всё ещё имеет наблюдаемые омонимы.	YES	PSF005:497	Каталог подтверждает имя, но не всегда форму или пользовательскую задачу.	NO	PASS_WITH_NONBLOCKING_FINDINGS
PSF006	Каталожное имя без достаточного уточнения	Короткое прямое имя/символ из Ozon без достаточного товарного либо чужого контекста.	Совпадение с точным каталогом сохраняет бизнес-возможность.	Автоматический KEEP, значение, страница или историческая трактовка по одному имени.	"[""знич"",""алатырь"",""белобог"",""гунгнир"",""семаргл"",""стрибог"",""триглав"",""бог знич""]"	2109	2131	0	2109	0	2131	CLIENT_SUPPLIED_PRODUCT_CATALOG_OZON_76.csv; exact catalog names only; physical form mostly not stated	AMBIGUOUS_BUSINESS_RELEVANCE_NOT_FINAL	DIAGNOSTIC_PASS_WITH_NONBLOCKING_HETEROGENEITY	Найти объект или сведения по известному имени.	REFERENT_UNKNOWN_INTENT_NOT_FINAL	NOT_FINAL_AT_STEP04	NOT_EVALUATED_AT_STEP04	PRODUCT_NAME_VS_PERSON_PLACE_OR_ORGANIZATION	OBSERVED_FULL_VOLUME	MIXED_AMBIGUOUS	YES	Нужны квалифицированные товарные ветви для омонимичных имён.	NO	PSF006:2109	Само совпадение с названием карточки не доказывает товарный референт.	NO	PASS_WITH_NONBLOCKING_FINDINGS
PSF007	Значение, история и трактовка каталожных символов	Фразы о значении, истории, происхождении и трактовке поддержанных имён/символов.	Каталожное имя поддержано; информационная тема видима.	Историческая истинность, мистический эффект и будущая страница.	"[""обереги смысл"",""история обереги"",""оберег описание"",""история амулетов"",""описание амулетов"",""талисман значение"",""что значит амулет"",""амулет ом значение""]"	360	377	166	194	180	197	CLIENT_SUPPLIED_PRODUCT_CATALOG_OZON_76.csv; exact catalog names only; physical form mostly not stated	SUPPORTED_OR_PLAUSIBLE_NOT_FINAL	DIAGNOSTIC_PASS_NOT_FINAL	Понять смысл или происхождение символа/названия.	INFORMATIONAL_HINT_NOT_FINAL	NOT_FINAL_AT_STEP04	NOT_EVALUATED_AT_STEP04	PRODUCT_VS_INFORMATION	OBSERVED_FULL_VOLUME	MIXED_AMBIGUOUS	NO	Расширять до Step10/свежего SERP не требуется.	NO	PSF007:360	Интерес к значению не доказывает интерес к продаваемому предмету.	NO	PASS
PSF008	Визуальные символы, руны и body-art	Изображения, символы, руны, тату, эскизы и визуальные формы, пересекающиеся с каталогом.	Имя/символ может совпадать с ассортиментом.	Утверждение, что тату/картинка является продаваемым товаром или отдельной страницей.	"[""амулет фото"",""оберег фото"",""обои оберег"",""тату оберег"",""талисман фото"",""эскизы оберег"",""картина оберег"",""оберег рисунок""]"	339	339	89	250	89	250	CLIENT_SUPPLIED_PRODUCT_CATALOG_OZON_76.csv; exact catalog names only; physical form mostly not stated	SUPPORTED_OR_PLAUSIBLE_NOT_FINAL	DIAGNOSTIC_PASS_NOT_FINAL	Посмотреть или использовать визуальное изображение символа.	VISUAL_INFORMATIONAL_HINT_NOT_FINAL	NOT_FINAL_AT_STEP04	NOT_EVALUATED_AT_STEP04	PRODUCT_VS_INFORMATION	OBSERVED_FULL_VOLUME	MIXED_AMBIGUOUS	NO	Требуется поздняя построчная/SERP проверка, не expansion.	NO	PSF008:336;PSF001:2;PSF004:1	Визуальная задача и товарная задача могут расходиться.	NO	PASS
PSF009	Каталожные имена с омонимами	Поддержанное каталогом имя, для которого фраза оставляет конкурирующий референт.	Каталожное имя сохраняет возможную товарную связь.	Решение по одному токену или историческому family label.	"[""аум 1"",""аум 2"",""аум 3"",""аум 4"",""аум м"",""аум 10"",""аум ом"",""аум ра""]"	336	338	0	336	0	338	CLIENT_SUPPLIED_PRODUCT_CATALOG_OZON_76.csv; exact catalog names only; physical form mostly not stated	AMBIGUOUS_BUSINESS_RELEVANCE_NOT_FINAL	DIAGNOSTIC_PASS_WITH_NONBLOCKING_HETEROGENEITY	Уточнить, какой объект скрывается за именем.	MIXED_REFERENT_NOT_FINAL	NOT_FINAL_AT_STEP04	NOT_EVALUATED_AT_STEP04	PRODUCT_NAME_VS_PERSON_PLACE_OR_ORGANIZATION	OBSERVED_COLLISION_ZONE	MIXED_AMBIGUOUS	YES	Материальные омонимы требуют bounded qualified probes later.	NO	PSF009:336	Текущего текста недостаточно для выбора референта.	NO	PASS_WITH_NONBLOCKING_FINDINGS
PSF010	Форма или материал вне подтверждённых фактов	Физические формы и материалы, наблюдаемые в спросе, но обычно не указанные в 76 заголовках.	Товарный контекст возможен.	Вывод о наличии конкретной формы/материала без client fact.	"[""бусы обереги"",""кулон амулет"",""кулон оберег"",""оберег сталь"",""брелок амулет"",""брелок оберег"",""золото амулет"",""кольцо амулет""]"	92	100	76	16	77	23	CLIENT_SUPPLIED_PRODUCT_CATALOG_OZON_76.csv; exact catalog names only; physical form mostly not stated	SUPPORTED_OR_PLAUSIBLE_NOT_FINAL	DIAGNOSTIC_PASS_WITH_NONBLOCKING_HETEROGENEITY	Выбрать товар по форме или материалу.	COMMERCIAL_OR_PRODUCT_RESEARCH_HINT_NOT_FINAL	NOT_FINAL_AT_STEP04	NOT_EVALUATED_AT_STEP04	GENERIC_PRODUCT_NOUN_NEEDS_REFERENT	OWNER_FACT_GAP_WITH_OBSERVED_DEMAND	MIXED_AMBIGUOUS	YES	Сначала нужен факт владельца о форме/материале.	NO	PSF010:92	Запрос не является доказательством наличия товара.	NO	PASS_WITH_NONBLOCKING_FINDINGS
PSF011	Эффекты, защита и аудитории	Фразы о защите, удаче, деньгах, любви, аудитории или использовании.	Товарные слова/названия могут присутствовать.	Гарантии мистического, медицинского или иного эффекта.	"[""амулет защиты"",""амулет женщина"",""амулет ребенку"",""талисман удачи"",""амулет здоровья"",""амулет на удачу"",""денежный амулет"",""защитный амулет""]"	151	165	143	8	157	8	CLIENT_SUPPLIED_BRIEF: амулеты/обереги/талисманы; 76-card Ozon catalog; Russia	SUPPORTED_OR_PLAUSIBLE_NOT_FINAL	DIAGNOSTIC_PASS_WITH_NONBLOCKING_HETEROGENEITY	Подобрать предмет под желаемую роль или аудиторию.	MIXED_PRODUCT_INFORMATIONAL_NOT_FINAL	NOT_FINAL_AT_STEP04	NOT_EVALUATED_AT_STEP04	PRODUCT_VS_INFORMATION	OWNER_FACT_AND_CLAIM_BOUNDARY_GAP	MIXED_AMBIGUOUS	YES	Нужны допустимые клиентские формулировки без недоказанных обещаний.	YES	PSF011:151	Эффект и аудитория не подтверждены карточками.	NO	PASS_WITH_NONBLOCKING_FINDINGS
PSF012	Зодиак с товаром, формой или покупкой	Знак зодиака рядом с товарным словом, физической формой или покупкой.	Все 12 знаков представлены в Ozon; квалификатор указывает на предмет.	Вся астрология вообще, окончательная форма товара или отдельные страницы.	"[""амулет зодиака"",""талисман зодиака"",""кулон знак зодиака"",""купить знак зодиака"",""весы зодиак талисман"",""камни зодиаки оберег"",""обереги для зодиаков"",""талисман зодиака лев""]"	608	620	313	295	319	301	CLIENT_SUPPLIED_PRODUCT_CATALOG_OZON_76.csv; exact catalog names only; physical form mostly not stated	SUPPORTED_OR_PLAUSIBLE_NOT_FINAL	DIAGNOSTIC_PASS_WITH_NONBLOCKING_HETEROGENEITY	Выбрать или купить предмет со знаком зодиака.	COMMERCIAL_OR_PRODUCT_RESEARCH_HINT_NOT_FINAL	NOT_FINAL_AT_STEP04	NOT_EVALUATED_AT_STEP04	ZODIAC_PRODUCT_VS_ASTROLOGY_INFORMATION	OBSERVED_FULL_VOLUME	PLAUSIBLE_IN_SCOPE	YES	Физическая форма ряда требует owner fact и later evidence.	NO	PSF012:608	Не все формы и материалы подтверждены ассортиментом.	NO	PASS_WITH_NONBLOCKING_FINDINGS
PSF013	Камни, каталожные символы и зодиак: товарно-информационная коллизия	Камни/минералы вместе с товарным словом, каталожным символом или знаком зодиака.	Может описывать физический предмет/материал.	Автоматическое признание камня ассортиментом или чистой астрологией.	"[""алатырь камень"",""камень триглав"",""камень чернобог"",""камень даждьбога"",""алатырь бел камень"",""где камень алатырь"",""про камень алатырь"",""шлем из камня ужаса""]"	339	370	0	339	0	370	CLIENT_SUPPLIED_PRODUCT_CATALOG_OZON_76.csv; exact catalog names only; physical form mostly not stated	SUPPORTED_OR_PLAUSIBLE_NOT_FINAL	DIAGNOSTIC_PASS_WITH_NONBLOCKING_HETEROGENEITY	Подобрать камень/предмет по символу, знаку или свойству.	MIXED_PRODUCT_INFORMATIONAL_NOT_FINAL	NOT_FINAL_AT_STEP04	NOT_EVALUATED_AT_STEP04	ZODIAC_PRODUCT_VS_ASTROLOGY_INFORMATION	OBSERVED_LARGE_COLLISION_ZONE	MIXED_AMBIGUOUS	YES	Нужен client fact о материалах и поздняя SERP-проверка.	NO	PSF013:339	Материалы каталога не подтверждены, референт неоднозначен.	NO	PASS_WITH_NONBLOCKING_FINDINGS
PSF014	Знак зодиака без товарного уточнения	Зодиакальные названия без достаточного указания предмета, значения, media/visual/DIY/toy задачи или чужого контекста.	Название знака есть в каталоге.	Явная задача meaning/media/visual/DIY/toy, автоматический товарный вывод, финальная страница или чистая астрология.	"[""знак льва"",""знак овна"",""овен знак"",""лев зодиак"",""телец знак"",""знак тельца"",""зодиак дева"",""водолей знак""]"	6298	6795	0	6298	0	6795	CLIENT_SUPPLIED_PRODUCT_CATALOG_OZON_76.csv; exact catalog names only; physical form mostly not stated	AMBIGUOUS_BUSINESS_RELEVANCE_NOT_FINAL	DIAGNOSTIC_PASS_WITH_NONBLOCKING_HETEROGENEITY	Найти объект или сведения, связанные со знаком.	REFERENT_AND_INTENT_UNKNOWN	NOT_FINAL_AT_STEP04	NOT_EVALUATED_AT_STEP04	ZODIAC_PRODUCT_VS_ASTROLOGY_INFORMATION	OBSERVED_LARGE_COLLISION_ZONE	MIXED_AMBIGUOUS	YES	Нужны товарные квалификаторы после факта о форме.	NO	PSF014:6298	Одно название знака не определяет задачу.	NO	PASS_WITH_NONBLOCKING_FINDINGS
PSF015	Зодиакальная информация и явная meaning-задача внутри HOLD	Даты, совместимость, характеристики, значения, история, описание и иные явные информационные задачи о зодиаке, сохранённые corrected Step03B в HOLD.	Сохраняется только как управляемая неопределённость текущего authority.	Скрытая переклассификация в EXCLUDE на Step04.	"[""водолей какой знак"",""козерог какой знак"",""знак зодиака рожден"",""знак зодиака сегодня"",""знак зодиака на завтра"",""знаки зодиака по годам"",""история знаков зодиака"",""значение знаков зодиака""]"	715	753	0	715	0	753	CLIENT_SUPPLIED_PRODUCT_CATALOG_OZON_76.csv; exact catalog names only; physical form mostly not stated	AMBIGUOUS_BUSINESS_RELEVANCE_NOT_FINAL	DIAGNOSTIC_PASS_WITH_NONBLOCKING_HETEROGENEITY	Получить астрологическую справку либо связать её с предметом.	INFORMATIONAL_HINT_NOT_FINAL	NOT_FINAL_AT_STEP04	NOT_EVALUATED_AT_STEP04	ZODIAC_PRODUCT_VS_ASTROLOGY_INFORMATION	OBSERVED_SANITATION_FEEDBACK_ZONE	SANITATION_LEAKAGE_REVIEW	NO	Expansion не нужен; требуется отдельная Step03B feedback adjudication.	YES	PSF015:543;PSF014:172	Семья выглядит преимущественно информационной, но Step03B не меняется здесь.	NO	PASS_WITH_NONBLOCKING_FINDINGS
PSF016	Зодиакальные изображения и символика	Фото, рисунки, символы, тату и визуальные представления знаков зодиака.	Каталог содержит варианты с маркером «Символы».	Вывод о физическом товаре или финальной странице только из визуального слова.	"[""тату знак зодиака"",""знаки зодиака фото"",""гиф знак зодиака лев"",""знаки зодиака символы"",""тату знак зодиака лев"",""тату знак зодиака рак"",""весы знак зодиака фото"",""дева знак зодиака обои""]"	289	291	0	289	0	291	CLIENT_SUPPLIED_PRODUCT_CATALOG_OZON_76.csv; exact catalog names only; physical form mostly not stated	SUPPORTED_OR_PLAUSIBLE_NOT_FINAL	DIAGNOSTIC_PASS_NOT_FINAL	Посмотреть визуальный знак или использовать изображение.	VISUAL_INFORMATIONAL_HINT_NOT_FINAL	NOT_FINAL_AT_STEP04	NOT_EVALUATED_AT_STEP04	ZODIAC_PRODUCT_VS_ASTROLOGY_INFORMATION	OBSERVED_BOUNDARY_OPEN	MIXED_AMBIGUOUS	NO	Достаточно поздней построчной/SERP проверки.	NO	PSF016:275;PSF014:14	Визуальная задача не равна покупке товара.	NO	PASS
PSF017	Религиозный предмет, текст или практика	Молитва, мантра, церковь, икона или практика рядом с возможным физическим товаром/каталожным именем.	Некоторые имена и чётки присутствуют в каталоге.	Приравнивание текста/практики к продаваемому предмету.	"[""святые четки"",""святые амулеты"",""святые обереги"",""богородица четки"",""буддийские четки"",""талисман святого"",""буддийский амулет"",""буддистские четки""]"	234	236	43	191	44	192	CLIENT_SUPPLIED_PRODUCT_CATALOG_OZON_76.csv; exact catalog names only; physical form mostly not stated	SUPPORTED_OR_PLAUSIBLE_NOT_FINAL	DIAGNOSTIC_PASS_WITH_NONBLOCKING_HETEROGENEITY	Найти предмет, текст или способ религиозной практики.	MIXED_INFORMATIONAL_PRODUCT_NOT_FINAL	NOT_FINAL_AT_STEP04	NOT_EVALUATED_AT_STEP04	RELIGIOUS_PRODUCT_VS_PRACTICE	OWNER_FACT_AND_REFERENT_GAP	MIXED_AMBIGUOUS	YES	Сначала client fact о физическом представлении карточек.	YES	PSF017:234	Текущая фраза может обозначать текст, практику или предмет.	NO	PASS_WITH_NONBLOCKING_FINDINGS
PSF018	Медиа, заголовок и цифровое действие	Название/товарное слово пересекается с книгой, фильмом, сериалом, каналом или цифровым действием.	Физический товар остаётся одной из возможных трактовок только для HOLD.	Автоматический KEEP по товарному слову или EXCLUDE по одному media-глаголу.	"[""четки автор"",""четки видео"",""четки порно"",""амулет видео"",""амулет порно"",""оберег видео"",""сюжет оберег"",""талисман автор""]"	596	606	25	571	25	581	CLIENT_SUPPLIED_BRIEF: амулеты/обереги/талисманы; 76-card Ozon catalog; Russia	AMBIGUOUS_BUSINESS_RELEVANCE_NOT_FINAL	DIAGNOSTIC_PASS_WITH_NONBLOCKING_HETEROGENEITY	Найти произведение/контент либо исследовать одноимённый предмет.	MEDIA_OR_PRODUCT_MIXED_NOT_FINAL	NOT_FINAL_AT_STEP04	NOT_EVALUATED_AT_STEP04	PRODUCT_NAME_VS_MEDIA_TITLE	OBSERVED_SANITATION_FEEDBACK_ZONE	SANITATION_LEAKAGE_REVIEW	NO	Expansion не нужен; позднее evidence/feedback разрешит референт.	YES	PSF018:558;PSF014:38	Явность цифрового референта неодинакова внутри семьи.	NO	PASS_WITH_NONBLOCKING_FINDINGS
PSF019	Игра, игровой предмет или bounded model-token	Точные/ограниченные игровые формы, игра/мод/ID или именованная игра рядом с товарным или каталожным именем; `игруш*` сюда не входит.	HOLD сохраняет случаи без доказанного игрового референта.	Игрушка/игрушки без независимого game-сигнала; KEEP/EXCLUDE по одному broad prefix.	"[""талисманов играть"",""талисман летних игр"",""талисманом каких игр"",""талисман в майнкрафте"",""талисман игр 2014 года"",""где найти амулет террарии"",""талисманы олимпийских игр"",""айди амулета мары в скайриме""]"	88	89	16	72	16	73	CLIENT_SUPPLIED_BRIEF: амулеты/обереги/талисманы; 76-card Ozon catalog; Russia	AMBIGUOUS_BUSINESS_RELEVANCE_NOT_FINAL	DIAGNOSTIC_PASS_WITH_NONBLOCKING_HETEROGENEITY	Найти игровой объект либо одноимённый физический предмет.	GAME_OR_PRODUCT_MIXED_NOT_FINAL	NOT_FINAL_AT_STEP04	NOT_EVALUATED_AT_STEP04	GENERIC_PRODUCT_NOUN_NEEDS_REFERENT	OBSERVED_SANITATION_FEEDBACK_ZONE	SANITATION_LEAKAGE_REVIEW	YES	Для отдельных каталожных имён нужна bounded товарная квалификация later.	YES	PSF019:88	Часть generic tokens не доказывает конкретную игру.	NO	PASS_WITH_NONBLOCKING_FINDINGS
PSF020	Автомодель, деталь, краска или товар для машины	Коллизия поддержанного автомобильного use-case с маркой, моделью, деталью или краской.	Сценарий товара для машины разрешён клиентом.	Признание автодетали товаром клиента или отбрасывание use-case по слову модели.	"[""оберег краска"",""тормозные колодки амулет"",""дав авто"",""драйв авто"",""звезда лада"",""воск для авто"",""дала в машине"",""роды в машине""]"	57	76	2	55	2	74	CLIENT_SUPPLIED_BRIEF: амулеты/обереги/талисманы; 76-card Ozon catalog; Russia	AMBIGUOUS_BUSINESS_RELEVANCE_NOT_FINAL	DIAGNOSTIC_PASS_WITH_NONBLOCKING_HETEROGENEITY	Отделить предмет для машины от обслуживания/детали автомобиля.	MIXED_AUTOMOTIVE_REFERENT_NOT_FINAL	NOT_FINAL_AT_STEP04	NOT_EVALUATED_AT_STEP04	PRODUCT_VS_VEHICLE_MODEL_OR_PART	OBSERVED_SANITATION_FEEDBACK_ZONE	SANITATION_LEAKAGE_REVIEW	YES	Один bounded later probe допустим только для остающейся границы.	YES	PSF020:57	Товарное имя может совпадать с маркой/цветом/деталью.	NO	PASS_WITH_NONBLOCKING_FINDINGS
PSF021	Место, человек, организация или платформа	Каталожное/товарное слово пересекается с местом, персоной, организацией, командой или платформой.	HOLD сохраняет неразрешённый омоним.	Автоматический вывод по stem/token, особенно банк/дом/команда.	"[""талисман фк"",""завод оберег"",""обереги инны"",""амулет не заводится"",""фк знич"",""инн оберег"",""ооо амулет"",""ооо оберег""]"	168	168	4	164	4	164	CLIENT_SUPPLIED_BRIEF: амулеты/обереги/талисманы; 76-card Ozon catalog; Russia	AMBIGUOUS_BUSINESS_RELEVANCE_NOT_FINAL	DIAGNOSTIC_PASS_WITH_NONBLOCKING_HETEROGENEITY	Уточнить сущность или найти одноимённый предмет.	ENTITY_OR_PRODUCT_MIXED_NOT_FINAL	NOT_FINAL_AT_STEP04	NOT_EVALUATED_AT_STEP04	PRODUCT_NAME_VS_PERSON_PLACE_OR_ORGANIZATION	OBSERVED_SANITATION_FEEDBACK_ZONE	SANITATION_LEAKAGE_REVIEW	YES	Квалифицированные ветви нужны лишь для материальных каталожных имён.	YES	PSF021:168	Фраза не всегда доказывает чужую сущность.	NO	PASS_WITH_NONBLOCKING_FINDINGS
PSF022	Возможная форма слова «чётки» или опечатка	Формы `четка/чётка` и близкий шум, где referent не доказан.	Может быть товарной формой/опечаткой.	Автоматическое удаление stem `четк*` либо автоматический KEEP.	"[""четков"",""кс четка"",""ни четка"",""четка сон"",""гора четка"",""четка брат"",""четка поет"",""четка тела""]"	33	33	0	33	0	33	CLIENT_SUPPLIED_PRODUCT_CATALOG_OZON_76.csv; exact catalog names only; physical form mostly not stated	AMBIGUOUS_BUSINESS_RELEVANCE_NOT_FINAL	DIAGNOSTIC_PASS_WITH_NONBLOCKING_HETEROGENEITY	Уточнить, идёт ли речь о чётках как предмете.	REFERENT_UNKNOWN	NOT_FINAL_AT_STEP04	NOT_EVALUATED_AT_STEP04	POSSIBLE_ROSARY_MORPHOLOGY_OR_TYPO	OBSERVED_SANITATION_FEEDBACK_ZONE	SANITATION_LEAKAGE_REVIEW	YES	Нужна bounded морфологическая проверка later.	YES	PSF022:33	Текущего написания недостаточно.	NO	PASS_WITH_NONBLOCKING_FINDINGS
PSF023	Общее товарное слово с неразрешённым референтом	Амулет/оберег/талисман в контексте, который не подтверждает ни товар, ни явную чужую сущность.	Клиентское слово сохраняет возможную связь.	KEEP/EXCLUDE только из-за одного business token.	"[""оберегая 1"",""оберегая мир"",""бог оберегает"",""оберегай мать"",""оберегай ноги"",""оберегать сон"",""оберегая воду"",""оберегая небо""]"	238	238	0	238	0	238	CLIENT_SUPPLIED_BRIEF: амулеты/обереги/талисманы; 76-card Ozon catalog; Russia	AMBIGUOUS_BUSINESS_RELEVANCE_NOT_FINAL	DIAGNOSTIC_PASS_WITH_NONBLOCKING_HETEROGENEITY	Уточнить объект и задачу вокруг общего товарного слова.	REFERENT_UNKNOWN_INTENT_NOT_FINAL	NOT_FINAL_AT_STEP04	NOT_EVALUATED_AT_STEP04	GENERIC_PRODUCT_NOUN_NEEDS_REFERENT	OBSERVED_LARGE_COLLISION_ZONE	MIXED_AMBIGUOUS	NO	Нужна построчная Step10/SERP проверка, а не расширение.	NO	PSF023:238	Окружающий контекст недостаточен.	NO	PASS_WITH_NONBLOCKING_FINDINGS
PSF024	Остаточный недостаточный контекст	Фразы без достаточного товарного, информационного или сущностного референта.	Никакой окончательный вывод не делается.	Вынужденное решение ради полноты или частотности.	"[""car"",""ugn"",""v i"",""бес"",""дзе"",""екб"",""згу"",""иах""]"	708	855	0	708	0	855	CLIENT_SUPPLIED_BRIEF: амулеты/обереги/талисманы; 76-card Ozon catalog; Russia	AMBIGUOUS_BUSINESS_RELEVANCE_NOT_FINAL	DIAGNOSTIC_PASS_WITH_NONBLOCKING_HETEROGENEITY	Уточнить значение наблюдаемой формулировки.	UNKNOWN	NOT_FINAL_AT_STEP04	NOT_EVALUATED_AT_STEP04	GENERIC_PRODUCT_NOUN_NEEDS_REFERENT	OBSERVED_SANITATION_FEEDBACK_ZONE	SANITATION_LEAKAGE_REVIEW	NO	Сначала Step10/feedback, затем SERP при необходимости.	YES	PSF024:708	Семейный контекст остаётся слабым; часть строк может быть лексическим шумом.	NO	PASS_WITH_NONBLOCKING_FINDINGS
PSF025	Точные каталожные названия без текущей наблюдаемой ветви	RSOTM, Soldier Of Fortune и «Бусидо — Путь Воина» имеют карточки, но квалифицированные текущие источники пусты.	Точные названия подтверждены каталогом.	Нулевая текущая выдача как доказательство нерелевантности.	[]	0	0	0	0	0	0	CLIENT_SUPPLIED_PRODUCT_CATALOG_OZON_76.csv; exact catalog names only; physical form mostly not stated	HYPOTHESIS_ONLY_NO_OBSERVATION	DIAGNOSTIC_PASS_WITH_NONBLOCKING_HETEROGENEITY	Проверить наличие товарно-квалифицированных формулировок.	UNKNOWN_NO_CURRENT_OBSERVATION	NOT_FINAL_AT_STEP04	NOT_EVALUATED_AT_STEP04	PRODUCT_NAME_VS_MEDIA_TITLE	GAP_NO_ACTIVE_IDENTITY	COVERAGE_GAP	YES	Один объединённый bounded later round по трём именам.	NO	NO_SUPERSEDED_MEMBERS	Текущих наблюдаемых identities нет.	NO	PASS_WITH_NONBLOCKING_FINDINGS
PSF026	Бренд «Кровь и Песок» с товарным уточнением	Товарно-квалифицированная брендовая ветвь отсутствует в текущем наблюдаемом universe.	Бренд подтверждён brief.	Смешение с одноимённым медиа или вывод о нулевом спросе.	[]	0	0	0	0	0	0	CLIENT_SUPPLIED_BRIEF: амулеты/обереги/талисманы; 76-card Ozon catalog; Russia	HYPOTHESIS_ONLY_NO_OBSERVATION	DIAGNOSTIC_PASS_WITH_NONBLOCKING_HETEROGENEITY	Найти брендовый товар, а не одноимённое произведение.	UNKNOWN_NO_CURRENT_OBSERVATION	NOT_FINAL_AT_STEP04	NOT_EVALUATED_AT_STEP04	PRODUCT_NAME_VS_MEDIA_TITLE	GAP_NO_ACTIVE_IDENTITY	COVERAGE_GAP	YES	Один bounded later branded probe after authorization.	NO	NO_SUPERSEDED_MEMBERS	Наблюдаемой товарной ветви нет.	NO	PASS_WITH_NONBLOCKING_FINDINGS
PSF027	Изготовление, DIY и craft-задача	Явное изготовление/создание/вязание/шитьё/плетение/своими руками или bounded craft-сиблинг рядом с поддержанным предметом, формой, каталогом либо знаком.	Пользовательская make/craft-задача выражена в самой фразе; бизнес-релевантность и ассортимент не считаются окончательно доказанными.	Визуальное `сделать фото`, `связаться`, общий media/game/entity контекст и финальный page/intent verdict.	"[""сшить оберег"",""оберег крючком"",""связать оберег"",""создание четок"",""создать оберег"",""сплести оберег"",""вязаные обереги"",""вязаный талисман""]"	117	117	102	15	102	15	CLIENT_SUPPLIED_BRIEF: амулеты/обереги/талисманы; 76-card Ozon catalog; Russia	AMBIGUOUS_BUSINESS_RELEVANCE_NOT_FINAL	DIAGNOSTIC_PASS_NOT_FINAL	Понять, как изготовить или создать предмет/символ своими руками.	DIY_INFORMATIONAL_TASK_HINT_NOT_FINAL	NOT_FINAL_AT_STEP04	NOT_EVALUATED_AT_STEP04	PRODUCT_VS_DIY_INFORMATION_AND_UNCONFIRMED_ASSORTMENT	OBSERVED_FULL_VOLUME_NEW_RULE_CLASS	MIXED_AMBIGUOUS	NO	Наблюдаемая task-ветвь уже полна для Step04; дальнейшее evidence относится к поздним этапам.	YES	PSF001:81;PSF014:13;PSF011:8;PSF004:7;PSF003:3;PSF023:2;PSF010:2;PSF005:1	DIY-задача не доказывает наличие готового товара или будущую страницу.	NO	PASS
PSF028	Игрушка и физический toy-объект	Токенная морфология `игруш*` с товарным, каталожным или зодиакальным контекстом без независимого bounded game-сигнала.	Фраза явно называет физический toy-объект; возможная связь с ассортиментом остаётся гипотезой.	Игра/играть/игровой/именованная игра, автоматический вывод о наличии игрушек в ассортименте и финальный page/intent verdict.	"[""игрушка оберег"",""игрушка талисман"",""талисман мягких игрушек"",""игрушка талисман крючком"",""военные талисманы игрушки"",""вязаные игрушки талисманы"",""алатырь игрушки"",""знак зодиака лев игрушка""]"	13	13	6	7	6	7	CLIENT_SUPPLIED_PRODUCT_CATALOG_OZON_76.csv; exact catalog names only; physical form mostly not stated	AMBIGUOUS_BUSINESS_RELEVANCE_NOT_FINAL	DIAGNOSTIC_PASS_NOT_FINAL	Найти, выбрать или изготовить игрушку/фигуру-талисман либо объект со знаком.	PHYSICAL_TOY_OR_CRAFT_TASK_HINT_NOT_FINAL	NOT_FINAL_AT_STEP04	NOT_EVALUATED_AT_STEP04	TOY_OBJECT_VS_CLIENT_ASSORTMENT_AND_GAME_BOUNDARY	OBSERVED_FULL_VOLUME_NEW_RULE_CLASS	MIXED_AMBIGUOUS	NO	Текущий universe уже показывает класс; сначала нужен owner fact об ассортименте.	YES	PSF019:8;PSF014:5	Игрушка наблюдается в спросе, но не подтверждена 76 заголовками как продаваемая форма.	NO	PASS
