v1_seed_id,v1_seed_phrase,v2_action,ambiguity_noise_class,quality_coverage_role,refinement_strategy,paired_refinement_seed_ids,rationale
S001,амулет,KEEP_BROAD_CONTROL_PRIMARY,HIGH,BROAD_CONTROL_PRIMARY,PAIR_WITH_SCOPED_USE_ROUTES,U004;U005;U006;S007,"Intentional broad client root; useful for vocabulary discovery but not sufficient alone."
S002,оберег,KEEP_BROAD_CONTROL_PRIMARY,HIGH,BROAD_CONTROL_PRIMARY,PAIR_WITH_SCOPED_USE_ROUTES,U007;U008;U009;S008,"Intentional broad client root; useful for vocabulary discovery but not sufficient alone."
S003,талисман,KEEP_BROAD_CONTROL_PRIMARY,HIGH,BROAD_CONTROL_PRIMARY,PAIR_WITH_SCOPED_USE_ROUTES,U001;U002;U003;S005,"Intentional broad client root; useful for vocabulary discovery but not sufficient alone."
S004,чётки,KEEP_BROAD_CONTROL_PRIMARY,HIGH,BROAD_CONTROL_PRIMARY,PAIR_WITH_SCOPED_USE_ROUTES,U010;U011;U012;S006,"Broad form probe is retained but quality coverage includes qualified vehicle wording."
S057,знак зодиака,KEEP_BROAD_CONTROL_PRIMARY,HIGH,BROAD_CONTROL_PRIMARY,PAIR_WITH_SIGN_SCOPED_ROUTES,S058;S059;S060;S061;S062;S063;S064;S065;S066;S067;S068;S069,"Broad family root intentionally discovers vocabulary; scoped sign probes prevent it being sole coverage."
S009,RSOTM,DEMOTE_TO_DEFERRED_CONTROL,HIGH,CONTROL_DEFERRED,REPLACE_MAIN_ROUTE_WITH_BUSINESS_CLASS_OR,Q001,"Bare acronym is highly ambiguous/unknown; qualified route is safer main acquisition."
S010,Soldier Of Fortune,DEMOTE_TO_DEFERRED_CONTROL,HIGH,CONTROL_DEFERRED,REPLACE_MAIN_ROUTE_WITH_BUSINESS_CLASS_OR,Q002,"Bare phrase has strong unrelated media/general interpretations."
S011,Бусидо - Путь Воина,DEMOTE_TO_DEFERRED_CONTROL,MEDIUM,CONTROL_DEFERRED,REPLACE_MAIN_ROUTE_WITH_BUSINESS_CLASS_OR,Q003,"Bare phrase can be informational/book/philosophy intent; qualified route better tests product demand."
S016,Древо Жизни,DEMOTE_TO_DEFERRED_CONTROL,HIGH,CONTROL_DEFERRED,REPLACE_MAIN_ROUTE_WITH_BUSINESS_CLASS_OR,Q004,"Very broad cultural/symbolic phrase; product-qualified route required."
S017,Ом,DEMOTE_TO_DEFERRED_CONTROL,HIGH,CONTROL_DEFERRED,REPLACE_MAIN_ROUTE_WITH_BUSINESS_CLASS_OR,Q005,"Short highly ambiguous informational/spiritual token."
S018,Инь и Ян,DEMOTE_TO_DEFERRED_CONTROL,HIGH,CONTROL_DEFERRED,REPLACE_MAIN_ROUTE_WITH_BUSINESS_CLASS_OR,Q006,"Broad symbolic/informational phrase; product context needed."
S021,Велес,DEMOTE_TO_DEFERRED_CONTROL,MEDIUM,CONTROL_DEFERRED,REPLACE_MAIN_ROUTE_WITH_BUSINESS_CLASS_OR,Q007,"Named entity can produce informational demand unrelated to merchandise."
S032,Родимич,DEMOTE_TO_DEFERRED_CONTROL,MEDIUM,CONTROL_DEFERRED,REPLACE_MAIN_ROUTE_WITH_EXACT_CLIENT_QUALIFIED,Q008,"Client title explicitly says «Оберег Родимич», so bare name is weaker than exact qualified wording."
S033,Молитва Иоанн Златоуст,DEMOTE_TO_DEFERRED_CONTROL,HIGH,CONTROL_DEFERRED,REPLACE_MAIN_ROUTE_WITH_BUSINESS_CLASS_OR,Q009,"Likely dominant informational/religious demand when bare."
S034,Жива,DEMOTE_TO_DEFERRED_CONTROL,HIGH,CONTROL_DEFERRED,REPLACE_MAIN_ROUTE_WITH_BUSINESS_CLASS_OR,Q010,"Common/ambiguous short word/name; product qualification required."
S035,Сварог,DEMOTE_TO_DEFERRED_CONTROL,MEDIUM,CONTROL_DEFERRED,REPLACE_MAIN_ROUTE_WITH_BUSINESS_CLASS_OR,Q011,"Named entity has informational demand; qualified route improves product relevance."
S036,Перун,DEMOTE_TO_DEFERRED_CONTROL,MEDIUM,CONTROL_DEFERRED,REPLACE_MAIN_ROUTE_WITH_BUSINESS_CLASS_OR,Q012,"Named entity has informational demand; qualified route improves product relevance."
S038,Макошь,DEMOTE_TO_DEFERRED_CONTROL,MEDIUM,CONTROL_DEFERRED,REPLACE_MAIN_ROUTE_WITH_BUSINESS_CLASS_OR,Q013,"Named entity has informational demand; qualified route improves product relevance."
S040,Хорс,DEMOTE_TO_DEFERRED_CONTROL,HIGH,CONTROL_DEFERRED,REPLACE_MAIN_ROUTE_WITH_BUSINESS_CLASS_OR,Q014,"Short ambiguous name/term with likely unrelated interpretations."
S041,Мара,DEMOTE_TO_DEFERRED_CONTROL,HIGH,CONTROL_DEFERRED,REPLACE_MAIN_ROUTE_WITH_BUSINESS_CLASS_OR,Q015,"Short ambiguous name/word with likely unrelated interpretations."
S044,Спаси и Сохрани,DEMOTE_TO_DEFERRED_CONTROL,HIGH,CONTROL_DEFERRED,REPLACE_MAIN_ROUTE_WITH_BUSINESS_CLASS_OR,Q016,"Broad religious phrase likely dominated by non-product informational demand."
S045,Чур,DEMOTE_TO_DEFERRED_CONTROL,HIGH,CONTROL_DEFERRED,REPLACE_MAIN_ROUTE_WITH_BUSINESS_CLASS_OR,Q017,"Short ambiguous/interjection/name token; qualified route required."
S046,Герб России,DEMOTE_TO_DEFERRED_CONTROL,HIGH,CONTROL_DEFERRED,REPLACE_MAIN_ROUTE_WITH_BUSINESS_CLASS_OR,Q018,"Broad informational/state-symbol demand likely dominates bare phrase."
S096,Кровь и Песок,DEMOTE_TO_DEFERRED_CONTROL,HIGH,CONTROL_DEFERRED,REPLACE_MAIN_ROUTE_WITH_BRAND_BUSINESS_CONTEXT,Q019,"Brand phrase has strong homonym/media ambiguity; qualified brand/product route is safer."
