batch_order,step02_run_order,source_version,seed_id,seed_phrase,quality_role,execution_gate
1,49,V2,Q001,(амулет|оберег|талисман) RSOTM,QUALIFIED_REFINEMENT_PRIMARY,OR_CAPABILITY_FIRST
2,1,V1,S001,амулет,BROAD_CONTROL_PRIMARY,AFTER_OR_PASS
3,2,V1,S002,оберег,BROAD_CONTROL_PRIMARY,AFTER_OR_PASS
4,3,V1,S003,талисман,BROAD_CONTROL_PRIMARY,AFTER_OR_PASS
5,4,V1,S004,чётки,BROAD_CONTROL_PRIMARY,AFTER_OR_PASS
6,5,V1,S005,талисман в машину,EXACT_USE_PRIMARY,AFTER_OR_PASS
7,6,V1,S006,чётки в машину,COMPOSED_USE_PRIMARY,AFTER_OR_PASS
8,7,V1,S007,амулет в машину,COMPOSED_USE_PRIMARY,AFTER_OR_PASS
9,8,V1,S008,оберег в машину,COMPOSED_USE_PRIMARY,AFTER_OR_PASS
10,9,V1,S012,Шлем ужаса - Эгисхьяльм,DISTINCT_NAME_PRIMARY,AFTER_OR_PASS
11,10,V1,S013,Вегвизир,DISTINCT_NAME_PRIMARY,AFTER_OR_PASS
12,11,V1,S014,Гунгнир,DISTINCT_NAME_PRIMARY,AFTER_OR_PASS
13,12,V1,S015,Валькнут,DISTINCT_NAME_PRIMARY,AFTER_OR_PASS
14,13,V1,S019,Белобог,DISTINCT_NAME_PRIMARY,AFTER_OR_PASS
15,14,V1,S020,Чернобог,DISTINCT_NAME_PRIMARY,AFTER_OR_PASS
16,15,V1,S022,Печать Велеса,DISTINCT_NAME_PRIMARY,AFTER_OR_PASS
17,16,V1,S023,Алатырь,DISTINCT_NAME_PRIMARY,AFTER_OR_PASS
18,17,V1,S024,Триглав,DISTINCT_NAME_PRIMARY,AFTER_OR_PASS
19,18,V1,S025,Ратиборец,DISTINCT_NAME_PRIMARY,AFTER_OR_PASS
20,19,V1,S026,Молвинец,DISTINCT_NAME_PRIMARY,AFTER_OR_PASS
21,20,V1,S027,Колядник,DISTINCT_NAME_PRIMARY,AFTER_OR_PASS
22,21,V1,S028,Знич,DISTINCT_NAME_PRIMARY,AFTER_OR_PASS
23,22,V1,S029,Громовик,DISTINCT_NAME_PRIMARY,AFTER_OR_PASS
24,23,V1,S030,Всеславец,DISTINCT_NAME_PRIMARY,AFTER_OR_PASS
25,24,V1,S031,Боговник,DISTINCT_NAME_PRIMARY,AFTER_OR_PASS
26,25,V1,S037,Стрибог,DISTINCT_NAME_PRIMARY,AFTER_OR_PASS
27,26,V1,S039,Семаргл,DISTINCT_NAME_PRIMARY,AFTER_OR_PASS
28,27,V1,S042,Звезда Лады,DISTINCT_NAME_PRIMARY,AFTER_OR_PASS
29,28,V1,S043,Даждьбог,DISTINCT_NAME_PRIMARY,AFTER_OR_PASS
30,29,V1,S047,Рунический компас,ALIAS_PRIMARY,AFTER_OR_PASS
31,30,V1,S049,Копьё Одина,ALIAS_PRIMARY,AFTER_OR_PASS
32,31,V1,S051,Узел павших,ALIAS_PRIMARY,AFTER_OR_PASS
33,32,V1,S053,Аум,ALIAS_PRIMARY,AFTER_OR_PASS
34,33,V1,S054,Крест Сварога,ALIAS_PRIMARY,AFTER_OR_PASS
35,34,V1,S055,Шлем ужаса,ALIAS_PRIMARY,AFTER_OR_PASS
36,35,V1,S056,Эгисхьяльм,ALIAS_PRIMARY,AFTER_OR_PASS
37,36,V1,S057,знак зодиака,BROAD_CONTROL_PRIMARY,AFTER_OR_PASS
38,37,V1,S058,знак зодиака Стрелец,FAMILY_SCOPED_PRIMARY,AFTER_OR_PASS
39,38,V1,S059,знак зодиака Близнецы,FAMILY_SCOPED_PRIMARY,AFTER_OR_PASS
40,39,V1,S060,знак зодиака Весы,FAMILY_SCOPED_PRIMARY,AFTER_OR_PASS
41,40,V1,S061,знак зодиака Водолей,FAMILY_SCOPED_PRIMARY,AFTER_OR_PASS
42,41,V1,S062,знак зодиака Дева,FAMILY_SCOPED_PRIMARY,AFTER_OR_PASS
43,42,V1,S063,знак зодиака Козерог,FAMILY_SCOPED_PRIMARY,AFTER_OR_PASS
44,43,V1,S064,знак зодиака Овен,FAMILY_SCOPED_PRIMARY,AFTER_OR_PASS
45,44,V1,S065,знак зодиака Лев,FAMILY_SCOPED_PRIMARY,AFTER_OR_PASS
46,45,V1,S066,знак зодиака Рак,FAMILY_SCOPED_PRIMARY,AFTER_OR_PASS
47,46,V1,S067,знак зодиака Рыбы,FAMILY_SCOPED_PRIMARY,AFTER_OR_PASS
48,47,V1,S068,знак зодиака Скорпион,FAMILY_SCOPED_PRIMARY,AFTER_OR_PASS
49,48,V1,S069,знак зодиака Телец,FAMILY_SCOPED_PRIMARY,AFTER_OR_PASS
50,50,V2,Q002,(амулет|оберег|талисман) Soldier Of Fortune,QUALIFIED_REFINEMENT_PRIMARY,AFTER_OR_PASS
51,51,V2,Q003,(амулет|оберег|талисман) Бусидо Путь Воина,QUALIFIED_REFINEMENT_PRIMARY,AFTER_OR_PASS
52,52,V2,Q004,(амулет|оберег|талисман) Древо Жизни,QUALIFIED_REFINEMENT_PRIMARY,AFTER_OR_PASS
53,53,V2,Q005,(амулет|оберег|талисман) Ом,QUALIFIED_REFINEMENT_PRIMARY,AFTER_OR_PASS
54,54,V2,Q006,(амулет|оберег|талисман) Инь и Ян,QUALIFIED_REFINEMENT_PRIMARY,AFTER_OR_PASS
55,55,V2,Q007,(амулет|оберег|талисман) Велес,QUALIFIED_REFINEMENT_PRIMARY,AFTER_OR_PASS
56,56,V2,Q008,оберег Родимич,QUALIFIED_REFINEMENT_PRIMARY,AFTER_OR_PASS
57,57,V2,Q009,(амулет|оберег|талисман) Молитва Иоанн Златоуст,QUALIFIED_REFINEMENT_PRIMARY,AFTER_OR_PASS
58,58,V2,Q010,(амулет|оберег|талисман) Жива,QUALIFIED_REFINEMENT_PRIMARY,AFTER_OR_PASS
59,59,V2,Q011,(амулет|оберег|талисман) Сварог,QUALIFIED_REFINEMENT_PRIMARY,AFTER_OR_PASS
60,60,V2,Q012,(амулет|оберег|талисман) Перун,QUALIFIED_REFINEMENT_PRIMARY,AFTER_OR_PASS
61,61,V2,Q013,(амулет|оберег|талисман) Макошь,QUALIFIED_REFINEMENT_PRIMARY,AFTER_OR_PASS
62,62,V2,Q014,(амулет|оберег|талисман) Хорс,QUALIFIED_REFINEMENT_PRIMARY,AFTER_OR_PASS
63,63,V2,Q015,(амулет|оберег|талисман) Мара,QUALIFIED_REFINEMENT_PRIMARY,AFTER_OR_PASS
64,64,V2,Q016,(амулет|оберег|талисман) Спаси и Сохрани,QUALIFIED_REFINEMENT_PRIMARY,AFTER_OR_PASS
65,65,V2,Q017,(амулет|оберег|талисман) Чур,QUALIFIED_REFINEMENT_PRIMARY,AFTER_OR_PASS
66,66,V2,Q018,(амулет|оберег|талисман) Герб России,QUALIFIED_REFINEMENT_PRIMARY,AFTER_OR_PASS
67,67,V2,Q019,Кровь и Песок (амулет|оберег|талисман),QUALIFIED_REFINEMENT_PRIMARY,AFTER_OR_PASS
68,68,V2,U001,талисман для машины,USE_SYNONYM_PRIMARY,AFTER_OR_PASS
69,69,V2,U002,талисман для автомобиля,USE_SYNONYM_PRIMARY,AFTER_OR_PASS
70,70,V2,U003,талисман для авто,USE_SYNONYM_PRIMARY,AFTER_OR_PASS
71,71,V2,U004,амулет для машины,USE_SYNONYM_PRIMARY,AFTER_OR_PASS
72,72,V2,U005,амулет для автомобиля,USE_SYNONYM_PRIMARY,AFTER_OR_PASS
73,73,V2,U006,амулет для авто,USE_SYNONYM_PRIMARY,AFTER_OR_PASS
74,74,V2,U007,оберег для машины,USE_SYNONYM_PRIMARY,AFTER_OR_PASS
75,75,V2,U008,оберег для автомобиля,USE_SYNONYM_PRIMARY,AFTER_OR_PASS
76,76,V2,U009,оберег для авто,USE_SYNONYM_PRIMARY,AFTER_OR_PASS
77,77,V2,U010,чётки для машины,USE_SYNONYM_PRIMARY,AFTER_OR_PASS
78,78,V2,U011,чётки для автомобиля,USE_SYNONYM_PRIMARY,AFTER_OR_PASS
79,79,V2,U012,чётки для авто,USE_SYNONYM_PRIMARY,AFTER_OR_PASS
