queue_id	family_id	corrected_queue_disposition	problem	missing_coverage_hypothesis	evidence_from_current_corrected_universe	provider_eligibility	provider_ready_now	incremental_information_gain	stop_condition	historical_queue_relation	executed_in_corrective_step04
PSQ001	PSF025	ACTIVE_VALID_GAP	Три точных клиентских названия не имеют текущей квалифицированной наблюдаемой ветви.	RSOTM, Soldier Of Fortune и «Бусидо — Путь Воина» с bounded товарным квалификатором.	corrected universe identities=0; raw=0; examples=[]	YES_AFTER_SEPARATE_STEP05_RELEASE	NO_STEP05_BLOCKED	Новая лексика хотя бы для одной из трёх нулевых ветвей; текущих наблюдений 0.	Один bounded round либо раньше при отсутствии различающей лексики.	MERGES_E001_E002_E003	NO
PSQ002	PSF017	OWNER_FACT_FIRST	Молитвенная ветвь смешивает текст/практику и возможный физический товар.	Физическая форма карточки «Молитва Иоанн Златоуст» и допустимая товарная формулировка.	"corrected universe identities=234; raw=236; examples=[""святые четки"",""святые амулеты"",""святые обереги"",""богородица четки"",""буддийские четки"",""талисман святого"",""буддийский амулет"",""буддистские четки""]"	CONDITIONAL_AFTER_OWNER_FACT_AND_STEP05_RELEASE	NO_STEP05_BLOCKED	Только owner fact может превратить неизвестную форму в проверяемую product hypothesis.	Без owner fact — стоп без provider call; после факта максимум один bounded probe.	PRESERVES_E004	NO
PSQ003	PSF009	OWNER_FACT_FIRST	Карточки «Герб России» не раскрывают физическую форму.	Форма изделия и безопасный товарный квалификатор.	"corrected universe identities=336; raw=338; examples=[""аум 1"",""аум 2"",""аум 3"",""аум 4"",""аум м"",""аум 10"",""аум ом"",""аум ра""]"	CONDITIONAL_AFTER_OWNER_FACT_AND_STEP05_RELEASE	NO_STEP05_BLOCKED	Устранить inventory/form gap, который provider не способен доказать сам.	Без owner fact — стоп; после подтверждения максимум один probe.	PRESERVES_E005	NO
PSQ004	PSF026	ACTIVE_VALID_GAP	Товарно-квалифицированная брендовая ветвь отсутствует.	Бренд + поддержанный товар без одноимённого media-референта.	corrected universe identities=0; raw=0; examples=[]	YES_AFTER_SEPARATE_STEP05_RELEASE	NO_STEP05_BLOCKED	Новая отличимая бренд-product лексика при текущих наблюдениях 0.	Один bounded round либо раньше при отсутствии отличимой ветви.	PRESERVES_E006	NO
PSQ005	PSF009	NARROWED_INCREMENTAL_GAP_AUM_ONLY	Совмещённый Ом/Аум probe дублировал 4 qualified Ом identities; отдельной qualified physical-product ветви Аум нет.	Только Аум + безопасный физический товарный квалификатор; Ом исключён как уже покрытый.	"corrected universe identities=336; raw=338; examples=[""аум 1"",""аум 2"",""аум 3"",""аум 4"",""аум м"",""аум 10"",""аум ом"",""аум ра""]"	YES_AFTER_SEPARATE_STEP05_RELEASE	NO_STEP05_BLOCKED	Проверить единственный оставшийся Aum-specific physical-product gap без повтора Ом evidence.	Один bounded Aum-only round либо стоп при отсутствии новой различающей лексики.	NARROWS_E008_REMOVES_OM_DUPLICATION	NO
PSQ009	PSF012	OWNER_FACT_FIRST	Все 12 знаков поддержаны каталогом, но форма/материал не указаны.	Подтверждённая владельцем форма и затем единый bounded шаблон для 12 знаков.	"corrected universe identities=608; raw=620; examples=[""амулет зодиака"",""талисман зодиака"",""кулон знак зодиака"",""купить знак зодиака"",""весы зодиак талисман"",""камни зодиаки оберег"",""обереги для зодиаков"",""талисман зодиака лев""]"	CONDITIONAL_AFTER_OWNER_FACT_AND_STEP05_RELEASE	NO_STEP05_BLOCKED	Owner fact предотвращает выдумывание ассортимента и задаёт проверяемую систему.	Без факта — стоп; после факта один template round.	PRESERVES_E012	NO
PSQ011	PSF020	DEFER_TO_STEP10_OR_LATER_SERP	Use-case пересекается с моделью/деталью/краской, но конкретная оставшаяся граница ещё не доказана.	Только конкретная collision после Step10, не общий синонимный поиск.	"corrected universe identities=57; raw=76; examples=[""оберег краска"",""тормозные колодки амулет"",""дав авто"",""драйв авто"",""звезда лада"",""воск для авто"",""дала в машине"",""роды в машине""]"	NO_UNTIL_CONCRETE_LATER_COLLISION_AND_NEW_RELEASE	NO_STEP05_BLOCKED	Инкремент возможен лишь после появления named unresolved boundary.	Стоп сейчас; позднее максимум один test на доказанную границу.	PRESERVES_E014_AS_DEFERRED	NO
PSQ012	PSF010	OWNER_FACT_ONLY	Формы/материалы в спросе не доказывают ассортимент.	Фактические формы, материалы, размеры и конструкции от владельца.	"corrected universe identities=92; raw=100; examples=[""бусы обереги"",""кулон амулет"",""кулон оберег"",""оберег сталь"",""брелок амулет"",""брелок оберег"",""золото амулет"",""кольцо амулет""]"	NO_PROVIDER_OWNER_FACT_ONLY	NO_STEP05_BLOCKED	Получить инвентарный факт без provider inference.	Стоп после получения либо явного отсутствия owner fact.	PRESERVES_E015	NO
PSQ013	PSF011	OWNER_FACT_ONLY	Эффекты и аудитории не подтверждены клиентом.	Разрешённые фактические описания назначения без недоказанных обещаний.	"corrected universe identities=151; raw=165; examples=[""амулет защиты"",""амулет женщина"",""амулет ребенку"",""талисман удачи"",""амулет здоровья"",""амулет на удачу"",""денежный амулет"",""защитный амулет""]"	NO_PROVIDER_OWNER_FACT_ONLY	NO_STEP05_BLOCKED	Зафиксировать безопасную claim boundary.	Стоп после получения либо отсутствия допустимого owner fact.	PRESERVES_E016	NO
