query_id	coverage_direction	source_family_id	query_text	step04_source_status	query_role	business_alignment	competitor_counting_role	intended_search_type	intended_region	intended_page	intended_groups_on_page	intended_group_mode	intended_sort	provider_call_status
S06Q001	GENERIC_PRODUCT	PSF001	амулет	OBSERVED_REPRESENTATIVE_PHRASE	HEAD_TERM_DISCOVERY	CLIENT_PRODUCT_CLASS	COUNT_SERP_DOMAIN_EVIDENCE	SEARCH_TYPE_RU	225	0	20	GROUP_MODE_FLAT	BY_RELEVANCE	NOT_RELEASED
S06Q002	GENERIC_PRODUCT	PSF001	оберег	OBSERVED_REPRESENTATIVE_PHRASE	HEAD_TERM_DISCOVERY	CLIENT_PRODUCT_CLASS	COUNT_SERP_DOMAIN_EVIDENCE	SEARCH_TYPE_RU	225	0	20	GROUP_MODE_FLAT	BY_RELEVANCE	NOT_RELEASED
S06Q003	COMMERCIAL_PRODUCT	PSF002	купить амулет	OBSERVED_REPRESENTATIVE_PHRASE	COMMERCIAL_DISCOVERY	HIGH_BUSINESS_ALIGNMENT	COUNT_SERP_DOMAIN_EVIDENCE	SEARCH_TYPE_RU	225	0	20	GROUP_MODE_FLAT	BY_RELEVANCE	NOT_RELEASED
S06Q004	COMMERCIAL_PRODUCT	PSF002	купить оберег	OBSERVED_REPRESENTATIVE_PHRASE	COMMERCIAL_DISCOVERY	HIGH_BUSINESS_ALIGNMENT	COUNT_SERP_DOMAIN_EVIDENCE	SEARCH_TYPE_RU	225	0	20	GROUP_MODE_FLAT	BY_RELEVANCE	NOT_RELEASED
S06Q005	AUTOMOBILE_USE	PSF003	амулет в машину	OBSERVED_REPRESENTATIVE_PHRASE	USE_CASE_DISCOVERY	CLIENT_CONFIRMED_AUTO_DIRECTION	COUNT_SERP_DOMAIN_EVIDENCE	SEARCH_TYPE_RU	225	0	20	GROUP_MODE_FLAT	BY_RELEVANCE	NOT_RELEASED
S06Q006	AUTOMOBILE_USE	PSF003	четки в машину	OBSERVED_REPRESENTATIVE_PHRASE	USE_CASE_DISCOVERY	CLIENT_CONFIRMED_AUTO_DIRECTION	COUNT_SERP_DOMAIN_EVIDENCE	SEARCH_TYPE_RU	225	0	20	GROUP_MODE_FLAT	BY_RELEVANCE	NOT_RELEASED
S06Q007	ROSARY_OBJECT	PSF004	четки	OBSERVED_REPRESENTATIVE_PHRASE	OBJECT_DISCOVERY	CATALOG_SUPPORTED_OBJECT	COUNT_SERP_DOMAIN_EVIDENCE	SEARCH_TYPE_RU	225	0	20	GROUP_MODE_FLAT	BY_RELEVANCE	NOT_RELEASED
S06Q008	QUALIFIED_CATALOG_SYMBOL	PSF005	оберег ом	OBSERVED_REPRESENTATIVE_PHRASE	QUALIFIED_NAME_DISCOVERY	CATALOG_NAME_PLUS_PRODUCT	COUNT_SERP_DOMAIN_EVIDENCE	SEARCH_TYPE_RU	225	0	20	GROUP_MODE_FLAT	BY_RELEVANCE	NOT_RELEASED
S06Q009	QUALIFIED_CATALOG_SYMBOL	PSF005	амулет чур	OBSERVED_REPRESENTATIVE_PHRASE	QUALIFIED_NAME_DISCOVERY	CATALOG_NAME_PLUS_PRODUCT	COUNT_SERP_DOMAIN_EVIDENCE	SEARCH_TYPE_RU	225	0	20	GROUP_MODE_FLAT	BY_RELEVANCE	NOT_RELEASED
S06Q010	ZODIAC_PRODUCT	PSF012	талисман зодиака	OBSERVED_REPRESENTATIVE_PHRASE	ZODIAC_PRODUCT_DISCOVERY	CATALOG_ZODIAC_SUPPORTED_WITH_COLLISION_BOUNDARY	COUNT_SERP_DOMAIN_EVIDENCE	SEARCH_TYPE_RU	225	0	20	GROUP_MODE_FLAT	BY_RELEVANCE	NOT_RELEASED
S06Q011	ZODIAC_PRODUCT	PSF012	амулет зодиака	OBSERVED_REPRESENTATIVE_PHRASE	ZODIAC_PRODUCT_DISCOVERY	CATALOG_ZODIAC_SUPPORTED_WITH_COLLISION_BOUNDARY	COUNT_SERP_DOMAIN_EVIDENCE	SEARCH_TYPE_RU	225	0	20	GROUP_MODE_FLAT	BY_RELEVANCE	NOT_RELEASED
S06Q012	EFFECT_AUDIENCE	PSF011	амулет защиты	OBSERVED_REPRESENTATIVE_PHRASE	ROLE_AUDIENCE_SERP_DISCOVERY	CLAIM_BOUNDARY_REQUIRED	COUNT_SERP_DOMAIN_EVIDENCE_WITHOUT_ENDORSING_EFFECT	SEARCH_TYPE_RU	225	0	20	GROUP_MODE_FLAT	BY_RELEVANCE	NOT_RELEASED
S06Q013	EFFECT_AUDIENCE	PSF011	талисман удачи	OBSERVED_REPRESENTATIVE_PHRASE	ROLE_AUDIENCE_SERP_DISCOVERY	CLAIM_BOUNDARY_REQUIRED	COUNT_SERP_DOMAIN_EVIDENCE_WITHOUT_ENDORSING_EFFECT	SEARCH_TYPE_RU	225	0	20	GROUP_MODE_FLAT	BY_RELEVANCE	NOT_RELEASED
S06Q014	SELECT_GIFT	PSF030	какой амулет	OBSERVED_REPRESENTATIVE_PHRASE	SELECTION_DISCOVERY	SUPPORTED_OR_AMBIGUOUS_NOT_FINAL	COUNT_SERP_DOMAIN_EVIDENCE	SEARCH_TYPE_RU	225	0	20	GROUP_MODE_FLAT	BY_RELEVANCE	NOT_RELEASED
S06Q015	SELECT_GIFT	PSF030	подарок оберег	OBSERVED_REPRESENTATIVE_PHRASE	GIFT_DISCOVERY	SUPPORTED_OR_AMBIGUOUS_NOT_FINAL	COUNT_SERP_DOMAIN_EVIDENCE	SEARCH_TYPE_RU	225	0	20	GROUP_MODE_FLAT	BY_RELEVANCE	NOT_RELEASED
S06Q016	USE_CARE	PSF029	как носить четки	OBSERVED_REPRESENTATIVE_PHRASE	POST_SELECTION_TASK_DISCOVERY	SUPPORTED_OR_AMBIGUOUS_NOT_FINAL	COUNT_SERP_DOMAIN_EVIDENCE	SEARCH_TYPE_RU	225	0	20	GROUP_MODE_FLAT	BY_RELEVANCE	NOT_RELEASED
S06Q017	USE_CARE	PSF029	носить амулет	OBSERVED_REPRESENTATIVE_PHRASE	POST_SELECTION_TASK_DISCOVERY	SUPPORTED_OR_AMBIGUOUS_NOT_FINAL	COUNT_SERP_DOMAIN_EVIDENCE	SEARCH_TYPE_RU	225	0	20	GROUP_MODE_FLAT	BY_RELEVANCE	NOT_RELEASED
S06Q018	MEANING_HISTORY	PSF007	значение четок	OBSERVED_REPRESENTATIVE_PHRASE	INFORMATIONAL_DISCOVERY	PRODUCT_VS_INFORMATION_BOUNDARY	COUNT_SERP_DOMAIN_EVIDENCE_AS_INFORMATIONAL_TYPE_WHERE_APPLICABLE	SEARCH_TYPE_RU	225	0	20	GROUP_MODE_FLAT	BY_RELEVANCE	NOT_RELEASED
S06Q019	MEANING_HISTORY	PSF007	история четок	OBSERVED_REPRESENTATIVE_PHRASE	INFORMATIONAL_DISCOVERY	PRODUCT_VS_INFORMATION_BOUNDARY	COUNT_SERP_DOMAIN_EVIDENCE_AS_INFORMATIONAL_TYPE_WHERE_APPLICABLE	SEARCH_TYPE_RU	225	0	20	GROUP_MODE_FLAT	BY_RELEVANCE	NOT_RELEASED
S06Q020	DIY_CRAFT	PSF027	плетение четок	OBSERVED_REPRESENTATIVE_PHRASE	DIY_INFORMATIONAL_DISCOVERY	BUSINESS_RELEVANCE_NOT_FINAL	COUNT_SERP_DOMAIN_EVIDENCE_AS_INFORMATIONAL_TYPE_WHERE_APPLICABLE	SEARCH_TYPE_RU	225	0	20	GROUP_MODE_FLAT	BY_RELEVANCE	NOT_RELEASED
